card_no,user_id,b,i,n,g,o
1,1,"13,14,4,7,15","25,19,30,17,26","44,32,0,42,31","57,47,52,49,60","69,70,62,68,73"
2,2,"1,7,15,11,3","18,17,22,25,26","45,31,0,43,44","48,49,59,53,57","61,69,64,67,62"
3,3,"11,12,15,13,4","21,20,29,22,28","35,40,0,44,45","53,47,52,58,48","61,63,62,73,71"
4,4,"13,1,12,15,9","24,20,26,23,28","41,31,0,43,42","52,53,49,56,57","67,63,70,73,65"
5,5,"1,4,10,7,5","28,21,18,24,16","33,31,0,34,36","55,53,46,50,60","63,72,61,74,64"
6,6,"3,14,2,8,15","20,27,18,16,25","44,32,0,41,33","54,52,49,55,57","62,65,73,64,70"
7,7,"14,5,3,8,6","19,28,17,16,23","32,39,0,41,36","60,53,46,51,56","63,69,61,64,73"
8,8,"10,7,11,15,13","19,17,28,22,21","37,32,0,38,45","55,47,46,53,59","65,75,74,69,66"
9,9,"10,15,1,9,3","18,20,28,17,24","36,35,0,33,37","47,53,52,58,57","62,70,71,64,66"
10,10,"11,3,12,15,4","27,23,18,25,16","41,44,0,33,35","58,51,59,56,46","74,66,65,72,64"
11,11,"10,6,14,11,15","18,24,16,26,30","40,34,0,41,33","60,57,50,51,59","61,63,71,62,65"
12,12,"4,8,3,2,7","23,25,18,29,20","37,32,0,31,40","52,50,56,60,55","67,66,71,72,70"
13,13,"12,9,2,15,14","23,18,20,22,24","44,41,0,45,39","59,55,54,60,50","62,73,74,75,66"
14,14,"12,9,1,8,11","17,18,22,16,21","33,41,0,34,42","57,59,52,55,50","74,70,66,62,61"
15,15,"6,8,7,1,9","28,17,24,30,20","42,43,0,39,32","53,55,57,51,47","73,70,72,66,64"
16,16,"13,9,5,12,1","30,21,25,17,20","35,44,0,38,41","48,58,60,59,46","70,75,68,66,62"
17,17,"13,4,12,3,9","17,18,16,20,21","38,43,0,32,39","49,48,53,58,47","72,61,69,66,70"
18,18,"12,11,6,15,5","24,20,23,22,26","38,45,0,39,36","51,50,48,52,53","65,74,68,63,64"
19,19,"6,15,3,5,12","21,30,19,22,29","38,43,0,45,33","50,53,49,51,54","74,67,61,62,68"
20,20,"10,15,8,6,12","22,29,19,17,16","44,40,0,34,32","48,56,47,50,46","66,70,65,75,64"
21,21,"11,15,3,6,10","27,26,23,28,24","39,37,0,32,44","54,49,56,57,55","67,63,75,71,69"
22,22,"5,6,3,12,1","30,17,28,23,16","33,44,0,31,40","53,55,50,60,56","66,74,69,75,61"
23,23,"3,15,6,4,12","26,18,24,20,21","33,37,0,32,40","52,55,50,46,56","65,69,70,68,67"
24,24,"8,2,5,14,12","25,19,20,17,26","32,38,0,45,36","49,59,58,60,53","74,75,65,70,71"
25,25,"13,11,4,2,8","19,22,24,27,20","40,44,0,34,41","58,54,47,51,46","71,64,70,73,63"
26,26,"4,5,3,13,12","17,19,20,28,22","33,39,0,45,41","53,51,56,46,58","69,65,61,71,72"
27,27,"5,4,11,8,13","19,29,23,20,22","38,35,0,37,36","49,53,54,51,50","66,68,69,74,72"
28,28,"9,14,1,15,7","29,23,22,27,26","31,39,0,36,37","54,48,55,49,56","64,62,72,75,69"
29,29,"7,6,4,8,5","16,19,24,25,20","34,37,0,41,31","51,59,46,49,52","75,66,69,70,63"
30,30,"14,7,15,2,10","25,18,26,21,30","38,45,0,43,41","55,60,57,52,58","74,72,65,69,70"
31,31,"3,15,13,14,6","30,26,18,16,27","43,33,0,45,44","60,49,54,57,47","73,61,69,66,62"
32,32,"3,7,14,10,4","22,18,29,16,25","31,37,0,43,40","51,59,54,58,52","70,69,75,74,64"
33,33,"10,15,14,1,13","24,20,19,26,27","34,35,0,32,37","54,50,49,53,47","72,61,65,64,75"
34,34,"11,15,8,7,6","16,17,28,29,24","37,34,0,38,33","56,57,47,52,54","74,75,72,62,63"
35,35,"7,11,14,13,2","16,29,30,20,19","38,35,0,36,33","46,52,54,47,48","61,65,63,67,72"
36,36,"8,3,10,4,2","27,22,30,26,17","35,33,0,37,41","48,52,47,46,51","74,69,64,73,65"
37,37,"6,11,9,7,10","24,23,17,16,29","44,35,0,36,45","53,56,50,48,49","67,69,65,63,61"
38,38,"10,11,12,6,5","25,28,24,18,16","32,40,0,37,44","55,57,52,54,48","66,62,64,71,74"
39,39,"5,6,9,11,8","21,18,19,28,20","43,38,0,44,31","53,50,48,56,58","62,70,68,65,74"
40,40,"5,3,9,2,12","28,25,23,22,20","33,41,0,39,37","51,60,54,55,46","75,63,66,73,65"
41,41,"5,11,8,7,2","27,16,22,25,26","42,32,0,35,43","57,59,51,47,50","61,75,72,64,66"
42,42,"14,12,1,5,7","24,17,29,27,18","33,35,0,31,39","49,59,52,50,46","73,62,67,66,75"
43,43,"10,6,15,1,5","28,29,17,23,21","35,45,0,31,38","60,55,47,46,51","71,64,61,66,73"
44,44,"7,4,6,1,10","23,17,27,24,28","33,39,0,35,43","48,55,51,58,60","67,62,74,75,68"
45,45,"1,14,15,8,2","22,28,20,16,18","36,32,0,33,35","56,51,53,57,52","75,71,68,66,61"
46,46,"1,15,13,11,9","26,23,22,27,16","39,35,0,44,38","46,58,56,52,50","67,69,68,65,72"
47,47,"7,6,12,3,1","28,25,27,16,24","43,35,0,32,38","59,50,53,55,58","70,72,65,75,61"
48,48,"15,8,12,4,14","21,28,24,23,29","36,40,0,33,31","51,47,57,56,54","66,74,69,65,72"
49,49,"13,11,10,4,14","18,25,23,22,26","41,32,0,45,42","47,51,55,60,57","63,70,66,65,74"
50,50,"15,10,14,5,7","16,19,23,22,20","37,42,0,43,36","52,48,56,57,55","68,75,69,67,66"
51,51,"15,4,1,7,11","28,24,25,22,19","44,34,0,38,37","46,59,53,49,54","72,75,73,70,61"
52,52,"4,2,5,14,9","28,20,21,26,23","33,40,0,41,36","56,50,49,46,47","74,68,61,71,64"
53,53,"9,8,2,14,12","21,18,23,27,29","36,40,0,32,38","54,47,48,55,52","61,67,62,70,63"
54,54,"10,11,7,8,13","16,23,18,28,21","42,32,0,41,35","52,60,48,50,58","72,66,70,61,65"
55,55,"5,11,13,9,3","16,23,30,27,29","31,42,0,40,36","53,49,52,55,47","75,64,67,68,69"
56,56,"1,4,7,2,13","28,18,22,21,16","45,44,0,38,43","47,57,52,55,53","62,70,63,71,65"
57,57,"12,15,3,2,9","28,25,21,16,22","39,31,0,34,43","58,56,53,55,48","75,61,68,63,62"
58,58,"5,9,4,13,6","21,24,29,26,20","35,31,0,43,42","47,60,57,56,48","73,75,71,68,61"
59,59,"12,8,5,1,9","18,17,24,30,29","39,43,0,40,33","47,49,46,56,53","66,71,73,61,74"
60,60,"1,4,2,12,6","25,18,22,27,21","39,42,0,38,33","51,47,49,54,57","66,65,75,64,72"
61,61,"2,14,1,12,13","21,18,25,23,22","44,41,0,43,33","54,58,53,50,55","64,71,65,61,63"
62,62,"11,13,14,1,3","29,19,20,18,17","35,31,0,39,42","55,48,49,54,51","74,66,73,71,62"
63,63,"8,6,3,9,5","25,16,23,19,20","43,33,0,38,39","56,53,51,52,59","74,75,70,62,69"
64,64,"13,3,9,11,15","29,16,28,27,30","37,36,0,31,44","53,47,56,52,46","72,67,62,69,75"
65,65,"11,3,6,12,2","28,23,17,21,29","32,44,0,41,43","48,54,56,53,59","75,61,72,66,68"
66,66,"4,3,11,9,7","21,29,20,17,26","39,34,0,33,32","53,54,57,58,50","64,61,70,71,62"
67,67,"10,13,9,1,4","27,21,16,17,18","35,40,0,44,42","53,54,60,55,52","69,73,75,72,62"
68,68,"10,13,6,4,2","25,19,27,28,16","34,42,0,43,45","52,54,60,49,53","68,72,70,66,75"
69,69,"10,13,15,2,1","27,28,19,21,23","35,39,0,31,44","46,52,47,60,53","69,64,74,67,65"
70,70,"15,7,6,8,4","30,16,21,18,20","38,33,0,37,35","60,56,58,54,46","66,69,63,62,68"
71,71,"7,2,4,8,1","26,19,22,21,20","44,32,0,34,36","54,55,47,58,60","70,62,71,66,65"
72,72,"12,8,1,9,15","30,25,29,19,18","42,41,0,31,40","47,53,48,46,51","72,70,69,67,68"
73,73,"13,1,4,7,12","29,20,28,27,17","33,31,0,40,42","50,47,46,52,48","61,72,67,64,69"
74,74,"11,9,5,13,4","17,22,25,23,26","37,31,0,43,32","50,54,57,60,46","65,73,75,64,61"
75,75,"3,13,7,1,5","26,18,30,27,25","34,37,0,40,38","50,52,58,49,48","63,64,70,65,61"
76,76,"6,11,2,3,9","24,18,26,27,19","31,39,0,40,36","54,56,46,50,55","67,61,70,69,66"
77,77,"10,4,9,14,13","29,20,26,22,17","40,35,0,32,41","53,57,55,58,52","74,69,63,72,67"
78,78,"10,7,13,11,8","26,24,21,19,20","36,45,0,43,44","56,51,48,47,55","69,67,64,61,70"
79,79,"10,3,5,7,15","24,28,21,20,23","41,37,0,45,39","47,51,57,48,55","70,73,67,62,63"
80,80,"14,15,4,8,2","28,22,24,30,23","36,32,0,39,35","55,49,54,57,52","63,75,64,72,62"
81,81,"2,13,10,12,3","18,29,20,16,19","32,34,0,38,37","47,51,46,56,55","71,61,62,74,64"
82,82,"2,14,4,9,1","18,23,27,30,21","37,39,0,36,35","47,60,48,46,49","70,73,74,72,63"
83,83,"3,4,14,7,1","18,26,21,19,29","44,42,0,39,34","57,58,54,50,47","62,68,74,65,73"
84,84,"11,5,15,3,6","22,18,26,30,24","33,35,0,31,36","49,54,47,46,59","75,71,70,63,72"
85,85,"15,6,10,1,9","22,21,28,27,23","33,31,0,34,45","47,46,57,60,52","70,61,64,72,68"
86,86,"5,1,14,4,13","25,28,18,20,17","31,42,0,32,33","60,56,48,46,57","74,62,63,66,70"
87,87,"5,9,14,11,10","28,16,27,24,22","35,43,0,41,39","51,56,52,54,60","70,75,71,61,72"
88,88,"14,13,5,8,15","17,22,18,26,20","44,43,0,38,36","59,53,52,48,60","75,72,65,71,70"
89,89,"10,1,12,5,11","20,24,21,19,18","42,43,0,41,37","48,59,49,56,55","71,68,67,64,69"
90,90,"1,4,5,10,14","29,17,23,21,27","44,42,0,32,45","53,55,46,52,58","67,75,71,63,73"
91,91,"13,4,12,14,1","27,20,30,25,18","44,39,0,41,34","59,51,53,57,60","65,61,73,63,66"
92,92,"13,4,5,3,2","16,28,18,19,17","34,43,0,39,41","58,48,51,53,56","74,65,62,64,73"
93,93,"13,15,14,11,1","27,26,30,29,22","40,36,0,33,45","55,48,54,57,47","65,71,68,64,69"
94,94,"14,3,15,4,1","29,30,24,23,18","38,36,0,35,45","60,48,54,51,47","62,74,65,68,64"
95,95,"11,10,8,1,13","26,18,20,17,16","38,45,0,42,37","53,59,54,46,57","66,68,67,62,71"
96,96,"7,6,14,9,10","18,25,28,17,29","31,34,0,38,36","54,46,58,59,50","72,68,65,64,71"
97,97,"14,1,9,15,2","29,30,28,21,16","44,37,0,43,39","46,52,50,58,57","75,63,62,64,67"
98,98,"1,12,11,13,15","24,27,23,25,29","31,41,0,37,36","51,52,59,57,53","62,71,72,70,63"
99,99,"3,8,14,1,2","29,21,19,16,24","33,44,0,35,31","48,59,52,51,49","61,64,62,75,69"
100,100,"8,1,7,3,4","28,21,29,24,19","34,42,0,38,41","52,50,48,55,54","75,68,61,63,72"
101,101,"9,14,3,13,12","25,28,23,19,18","37,35,0,41,45","55,49,54,57,53","69,72,73,64,70"
102,102,"7,9,5,6,4","23,18,17,30,27","40,33,0,44,38","60,50,52,55,54","61,72,62,67,71"
103,103,"2,12,1,11,9","29,30,21,25,26","43,44,0,42,37","57,50,56,59,60","74,68,72,66,62"
104,104,"2,5,1,10,15","21,20,24,17,23","45,39,0,33,32","53,46,51,59,47","61,71,62,65,73"
105,105,"10,4,3,12,5","21,16,28,26,24","40,36,0,37,35","55,46,56,53,51","75,68,63,67,71"
106,106,"3,14,4,13,1","16,19,17,30,26","38,31,0,35,37","57,48,51,58,56","69,64,74,68,75"
107,107,"10,11,5,3,2","20,26,18,16,17","37,44,0,40,38","54,60,51,56,53","69,75,65,71,66"
108,108,"8,13,11,15,10","30,28,22,29,19","41,43,0,32,36","53,56,47,46,55","64,69,67,75,68"
109,109,"7,15,8,10,5","28,20,30,19,16","35,32,0,34,39","55,48,54,52,57","67,61,68,75,64"
110,110,"15,5,11,1,4","28,25,27,20,22","31,38,0,44,43","49,50,56,51,54","73,62,63,72,66"
111,111,"3,9,5,11,6","23,18,29,28,20","42,38,0,40,39","54,56,47,60,53","63,69,64,67,68"
112,112,"13,15,2,10,9","29,18,20,28,16","45,37,0,41,36","46,54,53,56,50","66,65,63,73,70"
113,113,"12,6,5,3,8","20,22,28,26,30","38,33,0,42,40","57,53,49,55,59","67,66,70,63,68"
114,114,"8,11,9,2,7","30,18,23,19,28","40,39,0,34,38","54,46,51,59,55","67,73,62,75,70"
115,115,"2,6,5,3,14","29,16,25,21,27","35,41,0,36,42","57,53,55,48,52","63,71,75,67,65"
116,116,"11,3,6,12,1","27,17,22,26,29","31,42,0,37,32","56,58,59,60,55","66,70,62,65,74"
117,117,"5,1,2,15,9","23,18,26,27,24","41,37,0,45,34","60,56,54,52,49","68,74,64,65,61"
118,118,"3,2,10,4,1","27,23,20,16,18","40,45,0,31,42","53,50,51,60,47","65,67,72,62,64"
119,119,"12,3,10,2,6","28,30,16,20,19","37,42,0,45,35","53,50,59,60,51","63,70,72,75,62"
120,120,"2,10,8,3,7","21,28,30,17,22","37,41,0,38,33","51,48,57,55,50","73,75,65,66,69"
121,121,"11,15,3,8,12","19,16,23,30,27","36,31,0,37,40","53,58,46,50,54","66,70,74,73,68"
122,122,"6,12,13,9,3","25,30,21,17,16","31,45,0,42,44","49,53,47,57,60","72,63,67,68,75"
123,123,"6,3,1,11,7","21,16,24,28,26","40,45,0,42,37","54,50,59,53,52","61,74,68,71,63"
124,124,"9,5,3,7,8","19,25,21,28,30","43,41,0,40,39","54,59,55,47,48","66,62,73,75,71"
125,125,"14,6,15,9,7","29,25,20,17,22","37,33,0,38,32","57,60,49,58,48","74,68,75,63,70"
126,126,"3,1,13,4,14","19,28,23,21,27","38,43,0,37,40","51,60,55,50,53","69,66,64,68,75"
127,127,"14,7,8,2,5","30,28,21,18,29","42,39,0,44,35","60,59,54,52,51","74,65,72,73,66"
128,128,"15,2,12,5,11","27,24,26,20,19","33,41,0,39,32","59,54,51,56,46","74,66,67,64,62"
129,129,"8,11,2,14,7","28,17,26,30,23","39,34,0,35,43","56,52,46,49,59","62,67,70,66,63"
130,130,"6,5,9,8,1","22,16,24,20,23","39,32,0,31,35","60,50,54,58,53","75,67,72,65,66"
131,131,"12,2,6,14,1","26,20,19,24,17","42,32,0,37,43","56,60,47,46,50","67,68,69,66,65"
132,132,"2,7,3,5,15","29,16,30,20,19","38,32,0,44,41","50,51,57,48,58","62,71,64,75,72"
133,133,"9,15,6,8,1","26,19,25,16,21","38,41,0,40,32","58,52,49,59,48","65,62,75,71,70"
134,134,"2,5,12,8,10","28,30,22,20,25","31,45,0,33,37","46,53,55,49,57","62,66,68,75,70"
135,135,"8,14,5,7,4","28,26,21,18,19","34,33,0,42,37","60,54,56,52,53","67,65,66,70,73"
136,136,"3,14,12,10,8","24,23,30,22,29","41,31,0,40,39","51,55,53,48,46","70,73,61,75,65"
137,137,"13,7,12,5,2","21,18,23,16,30","40,36,0,33,44","59,49,51,47,55","66,62,74,63,71"
138,138,"7,13,6,3,12","23,29,18,25,30","43,41,0,35,38","47,59,46,54,57","61,67,62,70,64"
139,139,"15,4,11,1,14","23,18,26,20,30","35,31,0,40,44","48,53,56,49,60","66,73,68,67,65"
140,140,"13,1,3,4,12","26,20,19,25,17","32,35,0,40,42","60,46,52,47,57","75,62,64,63,73"
141,141,"13,15,11,4,2","21,25,28,18,24","38,44,0,41,39","46,60,47,52,53","68,62,65,63,72"
142,142,"4,13,14,1,3","27,30,19,23,22","36,40,0,45,39","51,57,58,56,59","66,61,64,71,69"
143,143,"4,7,15,6,14","28,24,25,21,19","38,36,0,41,45","47,46,54,57,50","75,62,61,74,72"
144,144,"7,6,1,4,12","25,24,18,20,16","43,38,0,37,45","50,56,49,52,53","68,67,64,65,63"
145,145,"11,7,13,5,12","22,21,18,19,25","32,31,0,39,34","49,60,58,54,50","72,63,70,62,61"
146,146,"7,10,11,6,15","20,16,23,22,28","44,34,0,42,31","50,57,48,54,58","66,67,71,73,65"
147,147,"5,10,2,6,14","20,16,30,17,26","40,33,0,43,31","52,60,51,53,54","62,73,65,74,67"
148,148,"9,4,5,6,11","22,27,16,18,30","33,34,0,31,45","50,60,55,48,59","75,70,62,72,65"
149,149,"1,13,4,15,5","22,29,18,19,28","38,42,0,34,41","47,53,51,49,48","62,75,61,63,73"
150,150,"15,6,13,8,12","24,22,18,16,28","32,36,0,38,33","52,56,48,57,50","71,62,67,65,61"
151,151,"12,2,13,8,11","30,24,25,20,18","45,33,0,34,36","54,46,60,50,58","74,71,63,65,68"
152,152,"12,15,7,5,14","24,23,30,19,29","36,39,0,38,37","47,48,57,55,49","62,71,69,75,70"
153,153,"14,11,4,5,13","17,27,16,19,18","36,42,0,34,37","56,53,59,48,57","63,61,72,64,69"
154,154,"13,11,9,1,15","25,17,21,26,23","36,39,0,35,44","49,46,50,48,53","66,75,65,67,70"
155,155,"14,4,12,13,15","18,27,28,20,23","42,32,0,37,43","52,56,60,50,48","72,75,74,66,65"
156,156,"1,7,3,4,2","17,18,20,26,23","37,45,0,33,38","48,50,59,47,49","70,69,68,71,74"
157,157,"11,12,8,15,10","25,29,26,21,18","40,34,0,31,36","56,60,59,52,55","65,72,63,67,69"
158,158,"1,10,2,8,4","26,30,29,18,24","38,43,0,40,31","49,54,53,51,57","69,73,63,68,66"
159,159,"4,9,7,15,13","19,24,27,17,28","34,37,0,41,44","59,50,55,58,46","61,64,72,63,62"
160,160,"7,3,12,1,15","22,18,23,21,29","32,33,0,43,40","49,48,47,51,59","65,69,71,74,62"
161,161,"15,6,13,9,8","29,18,23,21,20","37,35,0,36,44","50,46,53,49,47","68,71,62,73,75"
162,162,"8,4,11,3,13","22,18,30,23,28","40,33,0,36,44","53,52,48,46,49","63,73,75,67,71"
163,163,"7,4,11,8,10","22,17,20,18,23","31,32,0,45,33","54,58,48,49,52","63,70,75,68,73"
164,164,"1,2,12,4,8","25,18,26,19,21","36,39,0,40,41","50,49,58,57,52","66,75,72,64,62"
165,165,"14,12,8,15,2","24,21,20,22,23","45,37,0,42,35","52,47,53,46,56","73,63,68,66,71"
166,166,"1,10,7,8,4","16,21,29,26,19","35,43,0,38,42","60,50,46,59,48","63,75,65,64,71"
167,167,"11,1,4,10,9","28,19,20,29,22","40,36,0,45,39","53,51,54,50,57","67,70,65,68,64"
168,168,"15,9,13,2,1","30,26,29,16,27","32,42,0,35,40","55,59,54,52,47","64,62,68,63,74"
169,169,"7,12,1,5,8","21,29,17,19,20","33,43,0,36,45","59,56,57,52,60","74,67,72,66,69"
170,170,"13,2,5,8,9","20,17,27,29,26","40,36,0,45,41","48,60,54,51,52","67,71,61,65,63"
171,171,"13,4,15,9,12","21,26,22,29,27","42,38,0,40,37","56,46,59,49,60","71,75,65,69,66"
172,172,"7,13,3,14,11","29,23,20,26,19","42,43,0,40,34","51,57,50,60,55","75,66,73,62,65"
173,173,"4,6,12,8,1","17,30,19,18,29","31,33,0,38,35","54,53,46,55,52","61,63,67,71,74"
174,174,"4,7,3,12,13","16,22,26,30,29","41,45,0,40,31","60,47,52,58,51","75,74,73,70,68"
175,175,"2,14,7,6,9","19,26,27,29,21","40,36,0,38,43","51,60,56,53,59","63,67,61,72,70"
176,176,"15,3,5,10,11","18,21,30,24,19","39,36,0,38,37","52,60,49,50,56","68,71,66,69,72"
177,177,"12,6,3,9,15","21,23,19,30,18","41,31,0,33,44","58,50,51,46,49","72,75,64,73,62"
178,178,"8,11,1,3,2","21,23,25,24,18","37,34,0,40,38","58,51,47,56,46","65,66,72,64,62"
179,179,"3,11,5,10,4","24,30,28,19,21","32,38,0,42,37","56,59,55,54,51","73,61,65,68,71"
180,180,"14,10,15,11,12","20,24,23,25,19","40,36,0,34,33","57,48,50,54,55","71,66,64,65,61"
181,181,"8,15,12,11,13","28,30,29,24,23","44,36,0,38,31","59,47,53,50,49","62,71,67,66,61"
182,182,"10,8,2,6,11","25,21,19,28,16","35,36,0,40,42","53,59,56,51,55","63,68,73,72,64"
183,183,"6,10,7,13,9","28,17,25,24,29","33,32,0,36,31","59,46,48,51,60","73,62,67,63,74"
184,184,"11,2,6,15,4","20,17,16,21,25","35,41,0,36,33","47,52,54,53,58","74,72,68,65,71"
185,185,"14,11,15,2,4","20,18,21,30,25","44,42,0,40,43","56,47,55,54,50","62,72,73,61,67"
186,186,"3,9,4,13,8","25,22,19,23,28","43,35,0,36,42","48,56,46,58,47","63,73,61,72,71"
187,187,"1,14,9,12,15","26,23,21,18,29","45,41,0,34,39","60,48,54,52,53","68,61,65,62,67"
188,188,"13,12,3,2,4","20,30,26,28,16","32,37,0,34,43","56,54,60,46,50","73,75,64,72,62"
189,189,"4,14,2,9,3","27,16,30,23,22","42,33,0,37,43","57,60,46,53,47","69,74,65,66,64"
190,190,"2,9,13,15,14","23,19,16,17,25","44,40,0,33,36","54,52,49,50,51","72,68,74,62,67"
191,191,"7,12,3,8,15","17,20,24,29,18","38,45,0,40,44","50,56,58,54,53","69,64,67,65,70"
192,192,"15,13,1,10,14","29,28,30,19,23","43,32,0,45,38","51,60,52,59,55","69,66,72,67,63"
193,193,"14,13,5,15,1","22,23,19,25,21","35,37,0,38,41","47,53,59,51,58","69,73,70,63,74"
194,194,"4,11,10,3,14","18,21,26,24,19","41,42,0,35,37","58,60,47,53,48","68,72,71,61,67"
195,195,"6,7,15,13,9","16,25,22,30,18","40,37,0,34,45","59,47,56,58,49","66,68,72,74,65"
196,196,"6,15,14,1,2","16,26,21,30,19","44,45,0,31,41","57,53,51,52,47","72,63,65,66,71"
197,197,"6,5,10,9,1","20,18,16,27,29","42,44,0,34,37","51,48,53,54,55","62,71,65,75,68"
198,198,"5,3,14,12,2","22,21,23,18,29","32,43,0,40,39","50,55,57,49,60","61,67,73,65,64"
199,199,"8,7,14,15,5","21,26,19,22,16","33,39,0,34,32","55,60,59,46,47","65,71,73,72,61"
200,200,"4,11,6,13,15","27,24,21,16,17","45,41,0,37,32","52,48,53,56,55","72,75,71,74,66"
201,201,"5,13,12,3,2","29,16,21,27,25","40,31,0,42,37","48,60,58,47,51","75,64,69,61,74"
202,202,"15,7,4,8,11","24,29,16,17,22","35,39,0,34,41","53,46,58,55,56","75,61,67,69,62"
203,203,"11,9,15,1,12","22,29,26,17,27","42,36,0,38,35","47,49,53,48,50","71,61,65,66,67"
204,204,"7,10,13,1,11","30,29,17,23,16","42,33,0,31,35","50,51,58,57,56","67,75,69,73,64"
205,205,"13,2,14,15,1","20,22,19,25,30","45,34,0,32,41","49,52,47,59,58","68,62,72,63,66"
206,206,"15,6,13,2,9","22,25,24,30,29","33,38,0,37,36","47,60,49,53,48","74,75,65,72,61"
207,207,"3,13,1,10,7","30,18,23,17,19","33,39,0,41,32","58,57,48,56,51","66,64,75,62,67"
208,208,"10,12,5,13,4","17,16,20,23,26","32,36,0,44,45","49,54,47,59,50","63,61,67,62,71"
209,209,"11,13,1,2,15","25,16,21,26,30","40,41,0,33,43","57,58,59,60,52","64,65,74,66,69"
210,210,"11,9,14,7,13","24,17,16,26,22","32,40,0,39,34","58,60,48,51,57","65,75,63,72,67"
211,211,"2,9,5,3,4","21,18,28,23,25","31,44,0,35,40","60,58,59,47,55","64,74,71,67,65"
212,212,"7,3,10,5,11","29,26,19,20,18","39,44,0,35,41","54,50,49,55,47","71,69,65,62,67"
213,213,"7,10,8,13,6","21,20,24,22,18","45,39,0,41,34","54,56,60,59,50","69,65,68,64,70"
214,214,"1,8,4,3,11","22,19,26,28,21","45,41,0,31,40","50,56,52,53,58","70,64,65,69,72"
215,215,"13,15,10,7,2","27,18,16,21,23","38,40,0,35,36","46,56,57,54,58","61,75,62,72,73"
216,216,"1,11,15,14,3","16,19,17,18,26","41,45,0,39,40","57,49,51,46,50","62,66,61,67,75"
217,217,"9,10,15,5,4","28,21,26,18,25","43,44,0,37,42","50,53,46,60,52","61,75,68,69,73"
218,218,"11,15,5,8,7","26,16,28,24,20","33,45,0,40,36","56,47,58,51,46","70,68,61,67,66"
219,219,"1,9,13,8,6","22,24,16,21,19","35,39,0,40,44","53,54,48,50,56","73,65,69,68,67"
220,220,"10,6,9,2,5","23,27,19,18,21","43,41,0,45,34","58,57,46,53,49","64,75,62,73,67"
221,221,"6,11,5,14,7","30,18,22,28,21","41,37,0,36,38","58,54,57,47,50","61,62,69,66,70"
222,222,"4,9,12,3,2","29,26,17,18,28","39,40,0,34,35","49,50,52,57,51","65,72,70,71,63"
223,223,"12,10,3,2,9","22,28,19,24,30","41,36,0,34,37","50,53,57,46,49","64,61,63,75,62"
224,224,"13,11,2,7,1","21,26,22,23,27","45,44,0,39,35","54,60,49,46,59","62,63,75,61,69"
225,225,"9,10,11,6,13","16,29,25,21,30","42,31,0,37,34","59,53,56,50,52","68,75,70,61,69"
226,226,"6,3,1,9,7","18,26,21,27,28","34,36,0,44,45","55,53,57,60,56","71,68,64,70,73"
227,227,"9,7,1,15,5","18,20,23,22,21","37,42,0,34,36","46,54,58,52,60","69,74,62,61,64"
228,228,"15,12,6,5,14","23,24,17,19,28","35,42,0,37,31","49,59,48,58,57","65,64,66,61,69"
229,229,"15,11,13,6,1","24,16,21,27,26","37,44,0,38,32","59,58,52,50,56","61,63,66,70,65"
230,230,"13,4,9,14,11","22,27,19,23,29","40,44,0,36,45","50,47,53,57,58","67,62,72,75,61"
231,231,"14,9,11,13,15","17,28,30,27,20","40,37,0,43,39","47,49,53,57,59","71,70,73,68,61"
232,232,"12,4,3,11,8","27,25,17,24,21","36,41,0,32,45","52,47,54,46,49","71,75,74,65,72"
233,233,"10,14,15,7,6","29,27,24,19,16","31,43,0,33,38","48,50,55,46,56","66,68,65,74,72"
234,234,"12,13,6,15,8","20,24,29,25,30","39,32,0,43,38","53,49,59,56,48","71,67,65,68,62"
235,235,"7,9,15,12,13","21,20,16,26,19","35,39,0,44,45","60,50,53,58,57","66,72,62,67,69"
236,236,"13,3,2,5,12","29,30,26,28,24","44,39,0,32,43","55,51,54,47,52","73,72,74,65,61"
237,237,"13,11,8,3,2","25,28,30,21,23","36,40,0,39,38","57,47,50,56,55","65,63,67,61,75"
238,238,"14,5,8,9,15","18,19,21,20,28","42,38,0,40,33","50,57,46,52,48","69,64,70,72,66"
239,239,"1,5,12,13,11","21,20,30,18,25","34,41,0,36,38","57,56,59,48,58","63,73,65,71,68"
240,240,"13,12,3,2,15","28,30,29,22,24","43,45,0,33,36","59,47,53,52,46","73,68,72,61,75"
241,241,"6,7,13,9,15","26,17,21,28,27","35,32,0,43,41","60,49,56,46,50","74,71,75,62,68"
242,242,"14,13,7,9,8","18,28,25,24,27","33,35,0,44,38","46,49,54,55,60","63,70,69,68,65"
243,243,"4,8,13,15,6","27,24,16,28,20","33,35,0,40,39","60,47,53,57,46","66,67,62,64,61"
244,244,"3,14,13,1,2","21,18,30,27,22","42,34,0,45,36","60,57,47,58,56","66,69,75,70,72"
245,245,"12,15,3,5,10","24,28,25,19,30","33,45,0,39,37","49,47,54,59,60","72,63,75,65,61"
246,246,"3,10,6,1,7","23,19,24,29,27","40,43,0,35,45","56,50,47,46,53","75,68,66,70,67"
247,247,"8,14,13,7,11","18,20,21,26,25","41,39,0,32,37","52,46,54,48,50","67,71,61,66,65"
248,248,"15,9,7,3,12","20,19,26,27,29","31,41,0,43,42","57,52,47,46,58","72,69,73,74,75"
249,249,"15,3,5,13,4","28,26,23,25,19","37,31,0,39,34","50,60,49,59,57","69,61,74,72,70"
250,250,"14,4,6,1,13","28,24,27,23,22","45,42,0,32,35","59,53,50,51,60","73,67,75,64,62"
251,251,"13,12,2,10,1","21,17,22,24,20","35,36,0,42,33","59,48,50,56,54","68,63,66,65,73"
252,252,"14,1,12,13,10","22,28,30,21,23","37,40,0,32,44","53,58,50,49,54","70,66,75,67,63"
253,253,"3,11,10,12,13","19,29,16,23,28","32,45,0,31,37","59,47,52,46,57","70,68,74,61,72"
254,254,"11,9,13,7,5","28,22,24,23,19","44,39,0,42,37","54,46,53,51,56","64,74,72,65,67"
255,255,"6,7,13,12,14","16,27,21,28,22","36,38,0,37,35","48,59,49,52,46","75,71,62,65,74"
256,256,"15,13,11,6,7","20,30,19,25,28","41,45,0,36,32","52,47,57,49,50","69,63,70,67,65"
257,257,"1,4,14,10,15","28,27,30,19,26","40,32,0,42,36","48,53,51,56,47","61,75,68,74,66"
258,258,"11,6,3,10,12","27,19,28,18,25","44,34,0,42,32","52,54,60,50,47","72,62,75,71,64"
259,259,"6,8,10,13,12","26,28,25,18,17","45,41,0,36,34","47,52,57,53,55","64,62,66,65,68"
260,260,"15,14,12,6,3","24,19,18,20,22","32,45,0,36,39","52,46,50,56,49","69,64,73,70,67"
261,261,"9,1,4,2,5","23,20,22,30,28","42,35,0,43,33","47,55,51,57,52","63,65,61,73,68"
262,262,"4,9,10,5,3","26,22,19,27,29","32,37,0,40,31","48,55,52,53,46","74,65,71,72,62"
263,263,"3,12,6,1,9","21,20,16,18,29","42,31,0,45,34","48,46,60,47,58","67,73,65,72,64"
264,264,"12,3,8,2,11","24,17,23,21,25","37,38,0,40,35","46,50,55,51,53","68,61,71,67,63"
265,265,"6,8,2,4,3","19,26,28,24,18","32,39,0,45,31","57,60,50,58,51","73,63,64,69,75"
266,266,"3,5,15,2,8","24,23,21,28,16","37,44,0,41,33","59,52,46,57,54","68,65,67,70,69"
267,267,"15,7,13,2,14","23,18,30,19,28","35,34,0,32,44","60,48,49,55,52","70,73,74,65,62"
268,268,"2,14,9,10,1","26,21,23,27,24","40,42,0,39,41","60,47,46,49,59","67,75,70,65,74"
269,269,"6,15,1,3,4","23,20,17,27,22","37,35,0,36,39","52,58,57,46,59","75,68,74,72,67"
270,270,"3,12,6,14,1","20,25,16,18,30","45,42,0,40,36","54,56,47,57,58","64,70,68,74,65"
271,271,"6,12,8,9,14","20,19,29,26,25","37,38,0,39,34","59,47,60,51,46","70,61,62,63,72"
272,272,"7,8,13,4,9","18,19,23,24,22","32,44,0,35,34","57,49,54,50,52","67,65,64,74,62"
273,273,"14,13,2,3,4","29,20,28,26,30","37,41,0,33,40","51,50,55,58,56","63,71,74,75,61"
274,274,"14,8,1,11,12","25,28,26,24,20","45,37,0,44,32","51,53,57,48,59","73,74,61,62,64"
275,275,"1,7,3,8,2","29,18,25,27,21","31,40,0,32,38","57,59,52,58,47","68,70,65,61,74"
276,276,"8,13,11,5,4","25,23,16,29,20","38,45,0,37,32","52,51,57,46,54","73,65,64,62,67"
277,277,"1,4,7,2,3","19,29,25,22,16","45,35,0,41,37","58,49,57,51,55","67,70,73,69,63"
278,278,"1,9,3,4,6","24,29,22,30,19","39,42,0,44,31","46,48,49,51,56","61,70,75,62,72"
279,279,"1,7,10,5,11","24,23,29,28,17","44,37,0,39,31","53,47,51,50,55","72,62,61,70,69"
280,280,"14,5,10,1,9","27,16,28,20,29","43,38,0,42,33","60,52,57,53,47","67,62,71,68,66"
281,281,"4,8,2,14,13","26,16,30,23,20","40,31,0,32,42","58,53,51,54,57","73,67,69,70,74"
282,282,"6,4,11,1,10","30,16,19,27,29","45,33,0,43,40","50,52,47,60,58","75,65,67,71,64"
283,283,"11,2,5,1,6","29,22,25,19,27","32,42,0,45,37","57,47,55,52,49","61,72,71,67,63"
284,284,"11,9,5,10,12","20,19,24,29,28","43,44,0,42,31","49,60,51,59,48","74,68,73,70,75"
285,285,"10,1,8,7,5","22,30,16,25,20","37,33,0,44,31","59,56,51,47,58","74,65,68,64,72"
286,286,"7,4,1,14,5","21,23,18,27,30","44,34,0,33,35","58,53,60,59,50","65,68,67,66,75"
287,287,"2,4,13,15,9","28,19,22,29,18","36,32,0,31,44","47,52,59,50,55","68,67,63,75,69"
288,288,"7,11,15,4,1","28,16,24,29,25","32,34,0,33,35","49,55,48,59,58","74,62,72,70,68"
289,289,"1,11,8,15,7","16,22,17,26,25","38,44,0,45,34","55,54,59,57,56","74,73,75,70,69"
290,290,"11,14,6,12,8","26,18,30,27,16","34,35,0,43,42","58,47,57,53,52","72,65,66,70,67"
291,291,"4,8,2,11,13","17,23,30,19,29","45,37,0,36,38","47,58,51,60,46","68,75,66,69,61"
292,292,"2,7,5,15,9","16,23,29,22,24","39,38,0,43,45","53,46,56,55,59","71,68,73,72,69"
293,293,"3,2,5,12,14","22,23,16,18,28","44,41,0,40,31","51,53,59,46,52","61,68,73,69,64"
294,294,"10,9,7,4,12","23,21,20,24,25","31,39,0,33,32","58,46,57,47,50","61,64,67,71,69"
295,295,"6,11,10,15,3","30,16,18,20,24","40,41,0,38,39","58,48,53,59,54","65,75,72,68,71"
296,296,"11,6,3,12,9","18,25,22,23,26","31,42,0,34,41","57,47,53,59,55","72,62,61,69,64"
297,297,"14,15,4,7,3","28,27,23,20,18","39,31,0,43,36","60,58,46,48,54","61,63,67,75,68"
298,298,"11,13,6,4,7","16,26,18,17,19","44,37,0,32,40","57,55,59,47,50","61,73,72,65,74"
299,299,"14,13,6,3,10","25,18,29,26,22","40,39,0,38,31","46,50,52,55,54","66,72,74,75,69"
300,300,"8,6,9,2,7","23,24,17,18,29","41,42,0,40,34","50,49,57,52,56","68,63,62,72,75"
301,301,"11,15,9,2,6","23,28,25,16,19","43,39,0,45,33","48,55,54,51,52","64,72,75,73,67"
302,302,"6,4,2,11,5","28,25,18,26,16","42,32,0,35,43","55,48,46,52,59","64,68,73,72,65"
303,303,"11,9,14,15,1","24,22,28,26,21","42,41,0,34,35","47,60,48,59,58","65,69,61,62,68"
304,304,"2,14,4,12,8","25,24,20,22,17","40,41,0,33,39","59,47,51,53,56","68,75,61,74,73"
305,305,"15,11,8,14,12","19,21,27,25,23","32,41,0,45,44","52,48,60,58,57","73,68,69,66,62"
306,306,"8,10,7,12,14","29,16,27,18,21","32,42,0,41,39","57,53,50,59,48","66,69,61,75,65"
307,307,"15,11,9,12,1","27,30,19,26,29","43,35,0,40,37","54,59,57,49,48","68,62,71,64,73"
308,308,"7,8,11,1,9","30,21,28,19,24","45,32,0,42,33","51,53,50,55,59","65,73,63,74,72"
309,309,"14,11,4,8,1","25,29,24,18,20","44,45,0,36,40","50,54,58,52,51","63,64,68,70,71"
310,310,"9,5,14,4,6","28,16,20,24,26","40,42,0,32,43","46,58,57,56,51","72,64,62,61,69"
311,311,"7,3,14,10,12","27,19,25,28,29","41,32,0,35,34","57,60,48,52,59","66,71,62,74,70"
312,312,"4,15,1,10,7","29,27,21,26,18","37,44,0,41,35","48,53,47,46,58","65,66,67,74,69"
313,313,"2,9,1,8,12","26,18,22,27,29","39,40,0,41,33","58,56,52,51,46","71,72,67,73,62"
314,314,"1,13,3,6,5","29,20,28,25,24","32,36,0,39,37","53,49,59,58,57","64,70,72,63,73"
315,315,"12,3,2,5,4","29,28,30,16,22","42,44,0,38,34","48,58,60,54,55","67,65,71,70,73"
316,316,"2,10,6,4,12","25,19,26,20,21","33,35,0,45,43","60,51,50,55,58","70,71,61,66,73"
317,317,"8,1,7,5,10","29,26,17,20,28","32,43,0,35,44","53,60,51,56,58","64,63,73,75,72"
318,318,"12,2,4,11,10","23,16,17,22,26","35,39,0,31,33","59,49,50,47,52","73,70,69,75,67"
319,319,"2,5,14,10,7","27,23,16,26,22","41,34,0,31,44","51,48,52,54,46","62,65,74,64,71"
320,320,"11,8,2,6,4","28,24,21,23,17","44,40,0,33,36","58,56,57,52,53","75,70,67,63,61"
321,321,"2,4,5,13,1","19,25,28,18,30","42,39,0,33,36","59,46,47,60,55","66,67,63,69,61"
322,322,"7,8,10,6,1","20,30,23,16,21","37,34,0,42,41","54,46,47,58,59","68,61,65,69,72"
323,323,"13,4,5,15,10","19,23,18,30,27","37,45,0,43,41","50,51,60,55,49","73,61,63,66,69"
324,324,"6,8,9,5,3","23,22,27,19,24","35,34,0,39,43","49,58,50,46,55","73,70,69,62,72"
325,325,"10,4,15,1,9","16,28,30,20,22","40,38,0,37,33","49,51,53,57,55","61,73,72,74,69"
326,326,"6,14,2,11,1","21,22,25,30,27","35,38,0,40,44","58,53,47,60,49","67,68,69,62,61"
327,327,"11,15,9,8,5","24,25,23,16,19","45,33,0,37,42","58,48,56,55,60","75,71,62,66,70"
328,328,"14,12,8,15,4","28,24,27,20,19","41,40,0,43,36","48,56,51,46,55","64,68,71,73,66"
329,329,"3,13,1,4,12","26,22,19,18,27","41,43,0,45,33","55,51,59,58,56","68,67,69,71,70"
330,330,"6,14,13,15,3","30,21,26,18,20","32,36,0,37,41","46,52,47,55,57","71,65,68,61,73"
331,331,"7,15,9,14,1","29,30,21,23,18","44,42,0,33,32","51,54,58,50,48","67,63,71,66,62"
332,332,"8,11,5,10,7","30,22,26,20,18","44,34,0,41,31","58,50,51,47,54","74,62,71,63,73"
333,333,"15,9,11,7,3","29,25,20,19,16","42,43,0,39,35","47,46,50,53,49","64,74,73,69,65"
334,334,"14,11,12,2,4","20,23,16,28,18","36,39,0,32,35","48,46,49,60,55","68,72,64,66,74"
335,335,"6,15,5,11,4","30,20,16,27,19","37,32,0,35,44","50,60,46,57,55","73,65,72,68,62"
336,336,"2,1,11,13,6","26,30,18,28,29","43,36,0,39,42","50,51,48,46,60","69,70,67,72,73"
337,337,"3,1,14,7,9","29,20,22,19,27","37,35,0,33,31","52,55,59,51,49","62,75,65,70,72"
338,338,"14,12,4,13,2","20,21,28,30,24","43,42,0,35,40","48,47,49,60,59","75,72,63,71,67"
339,339,"6,8,7,15,13","29,28,16,22,25","35,44,0,31,42","58,55,53,51,60","68,75,64,61,74"
340,340,"4,2,13,5,3","17,30,29,28,18","38,36,0,33,44","50,53,52,55,48","61,68,62,73,72"
341,341,"1,5,9,15,4","30,17,22,19,23","41,38,0,35,34","49,51,48,53,57","70,72,74,61,63"
342,342,"11,1,12,8,5","30,24,19,16,22","39,45,0,32,34","51,59,55,46,47","73,71,64,67,74"
343,343,"14,9,4,6,2","17,21,20,24,22","37,32,0,35,34","50,56,51,58,59","62,75,65,64,70"
344,344,"11,10,8,12,2","25,17,24,19,16","33,41,0,37,38","46,56,58,55,54","71,63,65,70,75"
345,345,"8,6,10,12,3","19,26,17,29,16","35,31,0,42,44","56,58,59,46,52","72,62,65,67,68"
346,346,"7,12,6,5,10","22,23,30,29,25","35,45,0,40,32","49,58,48,60,46","67,65,64,66,73"
347,347,"14,7,1,9,4","20,17,18,28,24","37,39,0,44,31","47,54,51,55,58","74,64,75,73,68"
348,348,"5,9,4,1,14","30,24,27,29,21","40,31,0,41,38","46,47,59,56,49","66,68,70,74,62"
349,349,"12,3,14,15,11","27,18,21,16,20","39,37,0,31,41","60,52,50,54,57","64,75,70,74,63"
350,350,"13,5,8,3,10","27,28,16,30,20","33,34,0,32,35","49,60,50,48,51","66,62,72,74,67"
351,351,"11,13,9,5,12","18,19,26,22,27","38,36,0,34,43","57,51,58,59,52","69,65,71,75,61"
352,352,"7,1,8,14,4","21,24,27,22,28","43,35,0,33,32","46,47,59,57,56","72,62,67,69,75"
353,353,"2,6,4,1,10","22,28,21,25,29","44,45,0,40,34","54,52,56,50,51","67,69,62,63,71"
354,354,"1,14,8,11,9","25,20,30,24,26","33,44,0,36,31","49,50,56,47,53","66,72,62,63,75"
355,355,"14,2,10,13,15","24,20,28,22,29","35,44,0,34,40","50,52,57,55,59","75,63,74,67,62"
356,356,"8,14,6,15,13","19,22,16,28,18","31,40,0,33,39","54,55,56,53,46","66,62,73,64,69"
357,357,"15,8,13,11,3","29,26,18,21,17","42,44,0,31,38","58,50,54,47,46","65,61,75,63,74"
358,358,"14,13,6,3,5","17,16,20,23,24","45,44,0,42,39","58,60,51,52,46","75,61,65,67,62"
359,359,"2,3,1,9,12","25,28,16,23,17","34,36,0,39,35","52,60,50,59,57","71,64,75,66,62"
360,360,"2,13,10,6,1","21,28,29,26,25","44,34,0,39,32","57,47,50,54,55","69,72,75,65,71"
361,361,"2,11,7,1,9","23,30,27,18,19","37,38,0,44,40","52,51,59,60,56","67,66,71,72,69"
362,362,"9,11,1,4,2","23,29,24,27,30","36,37,0,41,42","51,48,58,60,59","64,65,73,74,71"
363,363,"1,6,8,10,14","25,20,30,19,21","38,42,0,37,44","48,52,50,46,58","63,62,74,61,67"
364,364,"8,13,4,15,2","27,16,28,29,25","36,41,0,37,31","48,47,49,60,46","67,73,62,68,64"
365,365,"8,10,6,13,9","26,30,21,29,28","45,43,0,34,38","52,48,53,57,56","74,75,69,65,62"
366,366,"8,3,12,10,2","19,21,22,27,17","43,45,0,41,44","50,55,60,54,58","71,63,70,73,67"
367,367,"8,5,1,6,3","16,19,25,30,22","34,31,0,36,32","60,50,53,49,57","69,66,74,72,62"
368,368,"10,6,13,2,15","27,24,22,23,28","41,35,0,32,37","54,46,53,59,48","69,68,67,70,75"
369,369,"9,15,14,3,7","29,25,23,26,18","42,33,0,41,40","58,46,60,54,50","67,62,74,65,71"
370,370,"3,11,5,10,8","19,24,27,23,22","45,39,0,36,37","51,47,53,58,59","74,70,64,65,62"
371,371,"13,12,4,1,6","19,26,27,30,16","37,33,0,31,40","53,50,59,51,58","74,66,68,64,63"
372,372,"8,3,7,14,11","28,22,19,25,17","36,34,0,31,33","46,57,51,53,59","69,75,64,62,68"
373,373,"3,12,8,10,11","21,17,20,19,28","43,32,0,41,39","54,56,52,48,60","75,63,66,67,61"
374,374,"10,11,7,2,6","20,26,18,21,16","39,36,0,33,37","60,54,51,50,57","68,61,63,65,71"
375,375,"7,11,8,12,1","17,21,19,26,28","38,36,0,41,39","54,60,53,57,59","61,71,65,69,70"
376,376,"10,13,6,3,2","30,29,17,25,22","32,36,0,44,31","48,53,56,60,46","73,64,63,70,66"
377,377,"8,10,4,11,9","18,17,30,21,16","43,35,0,40,44","60,52,58,51,48","69,70,63,68,72"
378,378,"13,6,9,8,1","29,22,16,18,23","32,45,0,39,37","54,58,50,47,48","66,73,61,74,72"
379,379,"2,10,13,14,9","18,23,24,19,25","37,31,0,44,40","49,56,53,57,55","72,65,64,63,74"
380,380,"6,14,7,8,13","21,29,19,22,26","42,34,0,38,31","54,51,50,48,53","62,66,65,73,64"
381,381,"14,9,12,2,7","23,26,17,27,25","34,38,0,43,40","59,49,53,58,48","64,65,70,61,74"
382,382,"8,2,1,12,7","28,16,25,29,30","35,39,0,44,45","51,49,58,48,60","74,62,67,61,64"
383,383,"1,13,3,7,2","20,26,18,25,17","39,34,0,31,37","54,51,49,56,52","69,71,64,68,73"
384,384,"10,13,9,3,12","20,22,25,17,29","37,43,0,39,33","53,47,49,57,46","65,61,70,63,62"
385,385,"6,5,3,8,7","23,18,20,21,16","38,35,0,32,34","51,52,48,53,57","75,69,65,71,63"
386,386,"10,1,14,12,11","21,17,26,30,19","33,45,0,40,32","49,59,54,57,53","71,63,75,65,61"
387,387,"5,11,2,13,7","20,26,30,21,23","40,32,0,36,38","49,59,60,54,58","61,70,63,72,75"
388,388,"7,14,9,3,5","28,29,20,19,24","36,39,0,42,45","50,54,48,46,60","61,65,75,70,72"
389,389,"10,4,7,2,8","25,27,23,22,28","38,41,0,31,39","49,54,59,58,50","65,69,63,73,64"
390,390,"15,9,7,2,3","29,26,19,16,20","41,33,0,45,43","46,47,50,48,54","72,75,63,61,66"
391,391,"9,7,3,11,12","19,29,18,20,23","31,34,0,33,32","60,50,46,56,49","65,75,69,61,64"
392,392,"8,10,12,15,1","23,26,18,21,16","40,34,0,36,42","51,47,48,60,59","65,73,69,70,67"
393,393,"4,1,15,9,12","28,23,30,21,22","44,35,0,37,42","60,49,52,46,53","62,75,61,63,71"
394,394,"15,10,7,12,5","25,20,17,16,19","39,41,0,37,31","47,53,58,46,50","66,64,62,65,74"
395,395,"1,12,4,3,14","24,21,27,16,19","44,37,0,36,34","58,60,49,48,57","69,73,64,62,71"
396,396,"9,12,14,7,5","28,29,20,16,24","36,31,0,32,35","54,57,50,49,46","75,72,61,70,74"
397,397,"15,8,7,5,9","27,18,21,25,26","38,37,0,36,32","48,57,49,53,59","70,68,61,69,65"
398,398,"13,6,11,4,8","21,28,17,18,30","37,41,0,32,36","53,47,51,56,52","64,65,67,75,66"
399,399,"8,4,12,1,9","24,30,26,21,22","36,32,0,44,42","54,46,56,48,50","67,75,74,73,62"
400,400,"1,13,10,2,3","22,29,18,25,27","39,36,0,35,32","50,56,54,47,48","71,61,68,73,75"
401,401,"2,7,12,1,10","30,26,18,27,25","44,40,0,37,43","46,58,50,53,47","68,69,65,61,75"
402,402,"12,1,5,14,2","21,18,22,29,19","39,43,0,45,42","51,50,55,60,57","67,70,71,73,61"
403,403,"10,11,9,3,1","20,24,27,29,26","45,37,0,33,34","59,52,48,47,60","63,75,61,65,67"
404,404,"5,11,10,7,12","17,27,29,19,16","33,38,0,36,31","50,59,49,58,57","71,63,75,67,65"
405,405,"10,5,9,2,15","27,20,25,19,17","35,38,0,41,39","49,60,54,53,58","64,73,72,68,70"
406,406,"10,1,12,5,6","17,18,19,23,16","31,37,0,45,35","47,54,60,58,49","74,73,72,66,75"
407,407,"13,5,4,12,7","27,26,30,16,22","43,45,0,44,39","49,60,56,53,46","73,65,75,74,62"
408,408,"2,8,5,6,4","17,24,23,26,30","33,31,0,44,37","54,52,60,59,58","63,65,70,75,61"
409,409,"6,10,9,7,1","21,18,17,23,16","44,31,0,42,35","59,57,56,50,49","73,70,65,75,66"
410,410,"14,7,13,6,10","23,27,30,16,29","43,38,0,36,33","48,53,59,57,54","72,61,74,69,70"
411,411,"6,2,13,5,9","28,27,26,23,21","39,34,0,35,37","46,52,54,51,57","66,72,62,64,75"
412,412,"13,10,15,14,11","18,24,20,25,30","45,40,0,41,39","60,53,52,47,46","63,74,64,72,61"
413,413,"10,6,12,5,3","22,27,20,19,25","42,39,0,36,45","56,58,53,57,55","65,62,73,71,69"
414,414,"14,13,15,6,1","18,25,23,17,20","37,33,0,40,31","49,52,46,56,54","72,75,67,74,73"
415,415,"9,15,14,11,3","22,26,27,20,17","31,35,0,37,40","48,60,59,54,53","70,75,69,62,63"
416,416,"6,13,15,11,5","26,20,16,27,18","33,35,0,37,42","46,56,49,58,55","64,62,67,63,73"
417,417,"2,3,10,6,7","22,27,16,21,24","31,33,0,42,43","47,48,51,56,58","66,68,65,73,69"
418,418,"7,8,11,2,9","23,17,20,24,29","45,34,0,43,35","54,49,46,55,57","68,69,66,63,74"
419,419,"12,14,10,1,2","16,21,22,28,20","35,34,0,32,36","48,58,53,55,60","61,63,65,64,75"
420,420,"5,3,8,15,7","16,23,25,30,19","43,33,0,35,44","49,60,57,55,52","65,62,73,70,63"
421,421,"3,8,11,4,10","22,29,21,16,25","35,38,0,39,36","59,47,51,57,52","66,70,75,64,62"
422,422,"5,8,9,10,12","23,18,28,16,20","43,44,0,32,39","49,57,53,51,54","72,71,68,70,63"
423,423,"7,11,1,8,10","22,29,18,24,17","43,33,0,37,42","47,48,55,46,50","73,65,63,71,70"
424,424,"11,3,8,7,5","21,22,26,19,17","36,31,0,42,33","48,60,58,49,59","75,64,70,66,67"
425,425,"11,14,7,3,4","28,26,21,18,27","44,45,0,38,42","46,48,55,50,58","75,66,74,68,72"
426,426,"13,10,6,3,12","30,19,21,17,22","35,34,0,36,40","51,58,53,55,59","61,75,72,69,65"
427,427,"14,1,11,12,7","16,30,28,21,26","36,45,0,33,38","51,50,59,57,54","65,67,69,61,73"
428,428,"14,2,4,8,9","20,19,18,22,21","44,36,0,35,45","59,56,58,53,46","69,61,70,74,73"
429,429,"6,3,10,14,15","29,26,20,30,23","31,41,0,35,34","48,50,56,55,58","71,65,66,63,61"
430,430,"8,10,14,9,1","17,28,22,29,27","32,42,0,34,37","54,55,49,60,53","69,70,65,68,66"
431,431,"15,6,3,5,8","19,20,24,27,28","37,31,0,36,38","60,57,47,56,49","69,64,63,68,70"
432,432,"12,9,8,3,7","28,16,17,24,20","41,38,0,32,39","58,52,48,46,51","64,70,68,63,69"
433,433,"13,4,7,2,14","26,16,24,17,22","39,40,0,45,44","48,58,56,60,47","73,65,61,66,68"
434,434,"13,12,10,7,1","18,25,30,21,17","43,40,0,31,34","57,46,51,48,60","63,75,62,70,74"
435,435,"4,1,5,9,2","20,25,18,23,30","43,36,0,32,40","59,46,58,47,52","69,63,74,67,71"
436,436,"2,4,14,11,1","16,20,29,25,28","35,38,0,32,33","60,52,58,54,56","63,72,68,64,73"
437,437,"4,14,13,5,15","17,19,20,21,18","41,39,0,36,32","46,51,59,47,56","71,73,72,62,65"
438,438,"1,9,2,5,11","27,17,24,22,19","37,35,0,40,33","48,51,47,54,58","67,68,65,69,71"
439,439,"9,6,1,10,13","19,23,17,18,24","32,35,0,42,37","53,52,50,60,54","65,64,71,67,62"
440,440,"3,13,10,11,7","19,22,29,23,28","39,32,0,44,41","57,51,58,55,59","72,62,69,75,66"
441,441,"4,9,14,13,12","28,25,27,26,30","36,39,0,33,31","47,57,55,58,49","71,68,70,61,72"
442,442,"10,1,7,9,12","26,27,23,25,20","39,38,0,45,35","52,56,50,60,58","61,75,74,63,68"
443,443,"1,13,2,6,11","25,29,27,24,20","35,38,0,45,33","49,47,48,56,52","72,62,70,61,65"
444,444,"3,12,2,11,15","29,17,22,19,23","38,39,0,44,35","51,53,60,47,49","69,75,70,63,71"
445,445,"4,8,15,3,10","22,24,17,16,20","33,44,0,38,39","56,60,53,57,54","71,63,74,65,68"
446,446,"7,5,2,1,15","18,28,22,29,19","34,31,0,43,32","53,54,52,49,55","66,67,64,62,73"
447,447,"5,11,7,15,10","21,18,27,26,23","43,33,0,34,41","47,57,55,48,59","65,70,71,66,69"
448,448,"5,4,13,15,14","25,18,17,30,29","37,41,0,34,32","57,47,60,49,50","61,73,70,63,66"
449,449,"11,4,1,7,6","18,20,23,29,27","43,42,0,41,39","52,47,50,58,54","62,64,61,70,75"
450,450,"12,13,7,15,2","17,21,25,24,28","35,38,0,33,36","54,59,50,53,47","67,66,65,69,62"
451,451,"9,4,14,6,12","20,19,27,21,28","40,41,0,37,38","58,52,56,55,48","67,62,65,75,66"
452,452,"12,2,13,6,15","19,16,24,21,29","32,31,0,42,41","51,59,46,58,57","67,64,72,74,75"
453,453,"5,1,4,15,13","25,23,18,30,21","33,34,0,35,36","59,47,52,49,53","68,69,61,73,65"
454,454,"12,1,7,2,9","28,16,23,22,19","43,35,0,32,40","46,50,57,60,55","69,74,68,63,72"
455,455,"9,3,2,6,11","26,28,25,29,20","34,37,0,41,35","49,48,59,55,53","71,64,73,74,61"
456,456,"13,9,8,4,6","24,29,16,18,28","38,36,0,32,34","49,58,54,52,46","65,71,73,68,66"
457,457,"7,15,9,4,12","17,19,29,16,25","31,44,0,40,43","59,54,53,46,56","66,61,70,75,63"
458,458,"1,6,4,10,9","28,23,16,20,30","43,39,0,36,41","47,52,50,55,54","69,65,64,66,72"
459,459,"7,1,2,14,10","24,27,21,28,16","35,31,0,40,39","51,53,52,56,48","75,69,73,65,63"
460,460,"9,15,11,4,5","29,22,21,19,18","42,41,0,44,36","46,56,58,52,55","72,65,66,67,75"
461,461,"3,8,9,13,6","23,17,28,27,16","39,41,0,34,35","56,58,47,60,52","65,62,67,66,64"
462,462,"2,10,9,4,3","20,28,17,22,26","36,39,0,33,38","60,58,57,52,50","65,64,62,61,70"
463,463,"6,12,14,15,2","18,28,24,23,21","38,40,0,34,37","46,49,50,60,54","62,65,75,64,66"
464,464,"11,12,2,13,8","30,28,23,21,17","42,39,0,33,40","57,47,54,51,50","72,66,67,62,73"
465,465,"14,11,7,6,15","23,26,27,25,24","31,43,0,37,34","54,59,52,47,50","71,63,70,62,66"
466,466,"3,5,10,9,8","23,21,16,24,17","41,36,0,44,39","49,54,59,55,57","70,73,62,65,68"
467,467,"10,9,12,4,15","18,28,19,27,26","40,33,0,34,39","55,57,46,60,50","66,69,62,71,64"
468,468,"12,8,9,5,7","23,17,20,29,28","35,39,0,40,37","58,60,59,48,47","66,71,63,73,68"
469,469,"2,15,1,6,4","22,30,23,20,29","36,38,0,32,34","59,52,46,51,50","71,68,62,65,70"
470,470,"1,14,2,8,15","17,21,19,22,24","39,41,0,40,43","59,48,55,52,46","63,67,62,64,74"
471,471,"14,3,11,5,7","28,26,24,23,27","35,42,0,41,36","47,52,55,60,57","67,71,73,63,61"
472,472,"9,8,2,14,1","26,19,28,30,18","32,42,0,41,44","55,46,60,58,56","68,62,65,64,75"
473,473,"15,8,10,3,6","27,30,26,21,28","32,34,0,36,38","60,53,59,50,48","67,69,71,64,66"
474,474,"13,4,3,6,12","22,30,24,25,27","31,39,0,34,45","58,59,51,53,56","74,66,65,62,72"
475,475,"6,15,8,5,2","23,28,25,24,18","32,42,0,36,44","60,59,47,58,49","66,73,62,61,67"
476,476,"11,4,1,9,13","27,17,20,26,25","40,44,0,38,45","57,58,55,51,53","74,69,64,70,62"
477,477,"11,14,6,10,4","24,27,25,18,30","37,42,0,41,34","60,46,49,48,51","63,66,72,74,69"
478,478,"7,13,11,2,1","21,23,25,26,19","40,45,0,43,44","47,59,51,53,49","74,68,72,75,66"
479,479,"15,11,6,7,2","25,26,23,29,19","34,38,0,41,33","58,52,51,50,46","61,70,67,64,72"
480,480,"14,13,7,1,12","18,27,30,26,24","38,32,0,44,31","47,48,46,50,56","63,71,64,70,75"
481,481,"7,8,2,12,5","25,18,20,19,23","38,43,0,40,39","48,53,57,55,50","65,67,74,61,66"
482,482,"6,12,8,15,2","27,26,28,17,22","40,45,0,34,36","48,46,52,53,54","68,63,71,66,70"
483,483,"14,4,7,6,12","18,21,22,19,24","35,40,0,44,33","47,48,56,59,46","69,70,61,64,62"
484,484,"3,8,1,2,15","22,19,25,23,17","38,37,0,39,31","58,60,53,59,51","65,67,61,71,69"
485,485,"10,15,14,2,6","27,18,26,22,29","42,34,0,33,39","54,57,46,58,60","71,62,68,63,75"
486,486,"12,14,4,5,9","23,29,21,22,19","35,36,0,34,41","58,51,59,46,56","74,70,66,67,72"
487,487,"14,8,5,15,10","19,27,26,16,24","33,36,0,34,31","47,53,55,59,48","72,65,71,64,67"
488,488,"10,8,15,7,4","27,20,26,19,28","38,39,0,40,43","59,48,60,53,55","70,65,63,61,69"
489,489,"2,5,8,14,1","20,19,18,21,22","32,36,0,43,37","57,49,58,56,59","61,64,68,72,67"
490,490,"2,10,3,13,11","24,26,28,22,19","43,33,0,39,34","52,57,49,46,55","75,63,64,71,61"
491,491,"13,11,12,5,2","19,27,18,20,16","39,40,0,35,43","50,48,52,49,47","70,65,75,71,62"
492,492,"10,2,1,9,3","30,29,22,25,21","43,44,0,36,37","47,49,60,46,52","65,67,66,68,63"
493,493,"8,2,3,10,11","27,30,23,21,16","40,42,0,34,32","48,46,56,47,52","67,66,71,63,72"
494,494,"2,14,5,10,4","30,23,18,24,27","35,40,0,39,38","51,46,53,50,49","72,70,74,66,64"
495,495,"10,12,13,9,4","27,17,20,23,21","43,41,0,44,35","48,53,54,50,55","66,75,68,65,64"
496,496,"12,6,3,8,13","19,27,28,26,23","36,43,0,44,42","49,50,47,52,58","62,65,71,70,68"
497,497,"6,5,7,9,1","16,30,29,18,28","38,42,0,35,32","46,49,60,51,52","74,61,71,72,70"
498,498,"4,11,3,9,10","24,17,30,25,23","40,31,0,34,35","52,58,56,47,60","72,75,69,73,65"
499,499,"14,12,3,5,13","19,28,25,23,22","40,41,0,35,38","48,59,55,52,47","65,62,66,67,64"
500,500,"15,11,4,10,6","24,22,21,17,23","31,38,0,36,37","48,52,54,51,53","69,71,72,65,61"
501,501,"6,4,7,10,9","24,19,26,23,27","39,44,0,43,42","48,57,46,47,59","72,64,61,69,75"
502,502,"15,11,8,3,5","27,29,24,21,20","37,42,0,31,40","55,47,54,46,49","71,72,74,63,68"
503,503,"10,9,13,5,4","18,20,22,26,19","36,38,0,41,31","59,49,47,55,57","74,69,61,72,75"
504,504,"12,4,8,1,2","20,17,21,24,26","31,41,0,39,44","50,48,55,51,53","73,72,64,69,71"
505,505,"13,3,11,10,15","22,23,27,16,17","41,35,0,40,36","57,50,60,56,51","69,75,72,61,73"
506,506,"11,12,8,4,1","17,25,27,23,28","42,34,0,37,33","60,59,48,47,51","68,71,65,61,64"
507,507,"9,11,1,13,3","26,25,16,23,30","40,34,0,36,38","51,53,54,60,49","70,66,61,71,65"
508,508,"13,10,9,7,14","28,29,17,16,30","42,33,0,35,31","49,51,52,60,58","71,73,65,70,67"
509,509,"7,15,8,12,5","21,27,23,28,18","32,40,0,31,36","53,59,55,56,50","74,67,75,62,61"
510,510,"9,10,1,11,8","20,19,18,17,30","45,44,0,37,34","56,50,49,51,58","69,61,71,70,64"
511,511,"11,9,7,12,3","24,20,21,16,30","42,39,0,31,45","54,56,48,58,59","62,72,70,67,68"
512,512,"15,3,12,4,11","29,19,23,24,16","35,36,0,37,31","51,53,48,55,49","61,72,68,66,73"
513,513,"10,13,1,2,12","23,21,28,25,30","32,39,0,33,42","57,60,56,46,55","61,66,67,69,72"
514,514,"8,4,14,7,6","30,28,17,18,22","31,39,0,34,40","60,59,53,57,51","68,71,61,72,75"
515,515,"14,13,10,5,8","28,16,20,18,24","36,44,0,33,45","51,60,48,52,55","64,72,75,68,63"
516,516,"9,13,7,10,5","16,23,21,28,17","44,45,0,42,36","46,53,50,47,60","68,75,61,74,62"
517,517,"15,7,12,6,1","23,22,20,25,27","35,41,0,40,39","59,46,53,60,54","62,66,72,73,64"
518,518,"15,14,6,2,10","22,29,25,20,30","40,33,0,44,35","54,52,53,47,56","65,67,71,63,70"
519,519,"15,1,13,3,10","19,27,18,30,29","41,39,0,45,37","60,48,51,57,52","67,62,73,61,70"
520,520,"3,5,12,1,8","24,30,18,25,26","35,36,0,34,39","46,52,56,47,60","68,72,64,69,62"
521,521,"2,7,10,9,12","22,17,24,21,27","38,37,0,42,43","48,51,54,46,60","66,74,75,67,68"
522,522,"5,4,13,2,15","23,28,22,18,24","33,34,0,32,36","53,47,50,46,54","68,73,71,66,62"
523,523,"5,4,10,8,2","26,28,21,30,25","43,42,0,36,41","60,49,54,46,53","65,64,73,71,72"
524,524,"12,10,1,15,8","16,23,25,28,19","44,31,0,36,33","46,51,48,54,56","61,63,64,66,62"
525,525,"15,12,3,9,6","26,24,21,18,23","34,35,0,38,33","57,54,55,47,51","62,72,67,69,71"
526,526,"8,15,2,7,9","18,27,22,28,30","35,37,0,39,31","50,57,58,47,49","66,70,69,75,67"
527,527,"4,6,13,7,11","16,21,22,20,28","40,44,0,43,33","47,48,60,46,56","64,72,75,70,73"
528,528,"3,9,7,6,13","18,28,22,17,21","35,41,0,31,44","51,55,54,60,56","61,73,64,68,67"
529,529,"6,3,11,4,8","19,16,30,27,21","34,33,0,35,37","48,51,47,50,56","69,61,65,72,73"
530,530,"12,13,3,9,5","27,17,29,19,25","36,34,0,31,40","46,52,50,48,53","69,62,66,70,63"
531,531,"1,6,13,14,7","24,22,18,28,26","32,45,0,34,37","58,56,47,54,60","75,70,72,69,62"
532,532,"5,14,3,9,12","25,29,28,26,21","45,39,0,44,35","52,53,49,55,58","71,73,67,65,62"
533,533,"8,5,6,12,3","20,27,22,16,21","34,38,0,43,39","57,52,55,46,54","66,61,63,65,68"
534,534,"11,4,12,9,2","27,25,22,21,29","39,40,0,45,36","53,50,46,54,56","69,61,70,67,72"
535,535,"8,11,5,6,4","20,21,26,28,23","43,40,0,41,37","53,59,47,56,60","65,61,72,64,75"
536,536,"6,4,9,1,14","24,25,28,18,17","45,38,0,34,39","49,57,56,52,59","65,75,71,63,66"
537,537,"1,13,15,3,12","28,23,25,20,22","45,37,0,41,36","50,48,58,49,51","64,62,71,65,72"
538,538,"9,7,12,13,6","16,29,22,27,23","43,42,0,34,32","47,54,50,51,48","75,65,71,70,63"
539,539,"15,14,12,11,7","26,30,25,20,28","32,33,0,38,40","47,58,54,50,56","73,74,72,66,63"
540,540,"7,1,2,8,15","20,19,25,16,29","39,37,0,42,33","50,47,54,57,51","71,72,69,61,68"
541,541,"6,5,15,7,13","29,16,21,23,28","41,37,0,44,33","52,58,48,56,55","62,66,75,64,65"
542,542,"7,8,4,15,5","22,30,18,26,28","41,39,0,32,40","59,60,48,49,51","71,75,63,61,72"
543,543,"8,2,14,6,7","24,17,23,18,30","31,34,0,40,32","47,46,58,55,50","74,66,73,67,75"
544,544,"9,13,6,8,10","28,20,26,24,22","36,41,0,39,37","53,52,49,59,54","74,66,69,62,67"
545,545,"13,14,11,9,5","25,24,26,27,19","43,42,0,31,45","57,51,52,59,49","65,64,62,74,75"
546,546,"11,4,12,14,13","27,16,24,22,25","33,40,0,43,34","52,47,53,60,48","66,62,65,64,73"
547,547,"2,7,3,9,6","18,25,24,17,23","39,38,0,31,32","48,46,52,55,56","63,62,71,74,70"
548,548,"2,5,13,3,4","29,23,25,19,30","42,36,0,37,44","57,50,59,56,58","67,70,61,64,63"
549,549,"5,3,14,2,11","21,17,30,28,19","40,31,0,41,42","55,48,47,46,50","67,64,62,69,73"
550,550,"6,5,13,8,7","28,30,18,26,21","41,39,0,38,34","56,49,55,54,50","65,68,71,62,74"
551,551,"3,7,13,15,9","25,19,21,22,27","40,31,0,35,37","59,46,47,50,58","71,68,74,73,66"
552,552,"10,3,5,12,15","30,19,17,27,22","43,37,0,41,33","54,58,57,47,51","74,69,63,64,70"
553,553,"2,1,7,5,15","19,29,27,25,24","35,36,0,44,42","55,49,53,51,54","66,70,63,74,67"
554,554,"2,3,7,5,13","25,22,30,19,28","44,37,0,36,43","55,59,51,53,49","61,69,64,67,63"
555,555,"9,13,7,6,2","30,19,27,18,25","37,44,0,43,35","57,46,53,60,48","66,62,68,63,72"
556,556,"11,13,10,1,14","19,22,25,21,27","45,33,0,41,32","55,54,46,48,47","61,62,74,69,65"
557,557,"4,2,9,11,5","18,20,27,29,22","40,41,0,33,45","57,53,56,50,55","72,70,61,64,66"
558,558,"13,8,10,14,12","16,20,19,21,28","42,40,0,41,44","59,60,51,48,46","61,62,66,73,68"
559,559,"4,10,15,7,6","25,27,24,23,16","36,39,0,33,42","59,46,52,47,51","68,63,72,73,69"
560,560,"15,3,1,9,6","26,19,21,22,29","38,37,0,33,32","55,60,54,46,48","64,75,69,66,73"
561,561,"10,15,2,3,11","29,17,30,18,16","33,36,0,44,43","58,51,46,60,50","69,61,66,71,72"
562,562,"12,8,6,4,10","19,26,18,29,28","34,42,0,40,39","46,57,49,56,54","68,74,70,72,75"
563,563,"6,12,4,2,15","17,23,16,22,26","32,34,0,45,31","48,51,59,58,53","62,73,65,66,63"
564,564,"13,15,6,12,10","26,28,29,17,20","45,37,0,43,40","50,51,57,46,60","63,67,62,64,65"
565,565,"3,5,9,1,2","23,20,24,22,17","37,39,0,31,38","60,59,51,48,57","72,74,70,65,71"
566,566,"10,8,13,6,7","28,21,27,20,22","43,44,0,31,38","51,54,56,47,57","73,75,61,72,63"
567,567,"2,5,4,10,1","16,18,22,28,30","33,37,0,39,36","53,57,55,51,60","71,67,68,66,62"
568,568,"13,9,1,10,8","19,24,22,21,30","43,36,0,41,45","55,60,56,52,57","68,70,61,66,71"
569,569,"11,14,8,2,7","23,20,17,18,26","44,38,0,40,34","47,55,54,56,46","68,65,73,62,63"
570,570,"15,5,6,10,11","26,28,23,25,22","35,32,0,44,31","50,60,51,56,57","66,74,70,65,73"
571,571,"4,9,3,1,5","23,29,22,28,16","40,45,0,42,41","50,58,48,55,49","62,73,69,75,67"
572,572,"8,14,2,10,15","18,21,23,16,20","32,42,0,31,33","49,57,47,58,56","73,65,68,64,71"
573,573,"14,15,8,5,1","27,22,30,17,23","37,34,0,42,45","58,57,56,60,54","72,75,70,69,67"
574,574,"1,9,8,11,2","23,18,25,16,20","41,42,0,44,35","56,60,53,46,48","73,74,64,63,66"
575,575,"7,9,5,2,10","19,23,22,18,27","31,32,0,40,33","54,50,55,48,56","70,67,66,75,68"
576,576,"1,15,8,3,4","20,19,29,26,17","35,39,0,38,43","60,51,55,54,48","63,61,68,66,75"
577,577,"2,14,1,8,3","20,18,21,17,16","43,33,0,35,41","48,52,53,47,49","61,68,69,72,67"
578,578,"11,10,1,2,12","28,22,16,18,24","40,37,0,38,39","58,51,47,55,48","73,65,71,68,74"
579,579,"1,3,9,7,10","22,27,29,28,26","36,42,0,43,34","60,54,46,59,47","75,61,65,62,68"
580,580,"11,1,2,13,4","21,20,16,18,30","43,45,0,42,44","51,46,54,57,56","75,67,62,73,64"
581,581,"15,4,7,2,13","25,19,30,20,17","44,36,0,31,32","52,55,51,57,59","68,64,62,72,70"
582,582,"11,1,14,13,4","21,30,24,17,23","33,34,0,31,45","48,50,60,56,54","72,70,67,69,71"
583,583,"4,3,6,11,13","22,24,28,19,25","33,31,0,41,45","54,58,59,50,57","70,62,66,71,63"
584,584,"4,11,3,6,1","24,20,22,19,21","37,32,0,39,35","54,48,57,52,53","74,61,73,72,64"
585,585,"12,15,10,13,9","25,24,17,30,16","38,39,0,33,40","56,47,52,46,49","75,70,65,73,63"
586,586,"15,1,6,13,10","28,19,23,26,16","36,35,0,31,40","47,52,51,59,48","69,66,74,71,64"
587,587,"8,5,14,10,9","21,19,25,23,24","31,33,0,40,38","60,58,47,56,53","75,65,73,74,63"
588,588,"11,6,14,15,12","20,26,18,24,21","32,42,0,45,38","50,57,56,49,58","72,62,70,61,63"
589,589,"7,4,12,5,14","18,26,16,20,28","41,36,0,38,33","59,48,57,46,58","69,67,68,61,66"
590,590,"7,12,3,14,13","16,30,25,28,21","34,42,0,33,39","51,47,60,59,48","74,64,62,67,69"
591,591,"15,14,6,2,10","27,21,24,23,17","35,36,0,43,33","52,60,54,49,55","65,63,72,70,61"
592,592,"14,5,11,10,6","22,27,17,23,29","36,35,0,31,41","47,52,46,54,55","68,75,73,66,67"
593,593,"4,15,6,3,5","22,16,25,28,21","42,33,0,36,31","57,46,52,60,56","65,63,66,71,61"
594,594,"15,2,9,10,12","21,28,19,20,26","43,34,0,41,31","54,59,52,57,46","73,63,67,74,70"
595,595,"2,11,6,13,8","18,30,22,20,21","43,38,0,33,35","54,59,60,48,51","69,71,66,68,74"
596,596,"14,15,6,1,5","26,17,29,25,30","37,31,0,33,32","51,52,56,46,53","69,63,61,74,65"
597,597,"12,11,8,9,10","22,29,28,16,21","37,44,0,41,38","55,47,46,52,50","63,72,70,62,64"
598,598,"6,13,14,12,9","26,25,19,21,30","39,45,0,35,42","59,60,57,50,52","65,66,63,69,74"
599,599,"12,4,15,2,8","28,18,23,16,26","32,31,0,34,41","59,48,50,56,46","61,64,65,72,74"
600,600,"14,3,11,10,8","24,21,22,30,25","31,34,0,43,44","59,49,51,48,53","71,65,62,72,61"
601,601,"4,6,9,7,10","24,17,22,20,27","37,36,0,39,38","56,52,47,55,60","61,74,63,65,67"
602,602,"12,3,4,11,13","22,20,24,23,28","38,40,0,35,32","58,47,57,48,46","65,70,71,67,73"
603,603,"5,9,4,12,2","25,23,20,21,29","37,44,0,45,32","60,58,53,54,57","62,71,74,61,67"
604,604,"3,9,5,13,4","16,26,25,19,27","39,41,0,35,43","48,55,51,46,52","72,73,62,70,67"
605,605,"3,8,7,5,10","30,17,24,21,23","40,38,0,41,39","56,51,53,50,47","63,67,64,61,72"
606,606,"3,11,2,15,9","26,23,20,16,28","36,38,0,34,35","46,60,58,48,52","62,73,63,65,70"
607,607,"11,14,13,5,10","20,21,24,23,29","42,40,0,32,33","50,58,57,54,59","72,65,61,71,62"
608,608,"2,1,13,3,6","19,17,30,26,25","31,37,0,45,43","52,50,54,51,57","65,67,71,61,72"
609,609,"6,9,1,12,3","18,22,23,16,26","36,37,0,31,40","48,60,46,52,58","70,75,74,69,68"
610,610,"10,5,6,1,12","25,17,29,27,22","31,38,0,33,35","47,46,50,59,56","74,66,72,62,71"
611,611,"14,4,9,3,12","28,17,19,23,30","41,40,0,43,42","48,57,46,51,52","65,70,61,62,68"
612,612,"10,2,5,12,15","16,30,23,28,24","31,40,0,34,37","55,50,60,51,46","73,71,66,74,61"
613,613,"6,10,5,14,4","16,18,24,22,26","45,42,0,35,32","60,53,50,51,52","71,69,70,68,74"
614,614,"15,5,12,3,7","30,27,21,24,28","31,43,0,36,41","53,48,55,57,50","61,72,63,65,73"
615,615,"7,2,15,12,4","18,25,26,21,23","33,31,0,40,32","57,49,59,46,60","72,70,74,67,66"
616,616,"1,10,7,15,14","18,19,29,24,27","44,31,0,32,35","51,57,54,60,50","63,64,68,62,73"
617,617,"1,14,2,3,7","27,28,22,24,20","31,43,0,44,39","51,56,59,58,54","69,63,70,68,72"
618,618,"5,13,15,3,8","24,29,25,27,18","31,45,0,36,37","53,55,49,47,52","69,61,65,73,74"
619,619,"13,14,1,7,2","17,26,23,16,27","45,36,0,32,33","48,60,47,52,54","62,74,68,69,70"
620,620,"10,15,13,7,5","27,21,20,19,29","38,42,0,44,35","47,59,57,54,53","66,62,69,61,65"
621,621,"5,15,7,3,1","18,16,26,21,25","41,42,0,33,39","52,59,49,51,56","61,74,64,71,65"
622,622,"5,1,2,7,15","22,28,23,30,17","38,31,0,44,45","46,49,56,52,53","61,68,70,65,75"
623,623,"2,8,4,7,15","29,30,27,20,26","43,45,0,31,42","54,53,56,55,57","69,73,64,61,74"
624,624,"7,4,10,11,14","30,20,19,28,29","34,45,0,44,31","51,58,60,54,59","65,68,69,74,72"
625,625,"1,13,15,4,8","17,26,20,23,19","34,32,0,38,31","49,55,50,59,47","66,62,74,67,68"
626,626,"9,2,15,5,3","19,26,18,29,30","39,41,0,44,45","60,54,50,55,56","64,66,73,65,62"
627,627,"3,2,6,7,13","21,30,23,20,25","41,39,0,37,40","50,49,47,52,54","73,69,61,74,75"
628,628,"6,5,14,2,8","25,30,23,16,22","45,38,0,43,42","55,60,59,52,47","75,72,65,63,73"
629,629,"3,7,15,13,1","19,28,30,21,18","37,42,0,32,31","57,59,54,58,47","68,73,71,72,62"
630,630,"13,14,10,8,7","28,24,26,18,27","41,33,0,36,39","60,54,49,47,46","69,67,61,65,73"
631,631,"8,4,6,14,12","28,17,18,27,24","45,36,0,42,38","50,58,54,57,47","68,74,71,63,64"
632,632,"9,12,11,13,4","29,19,30,23,26","35,45,0,39,31","50,46,49,48,57","74,73,68,69,71"
633,633,"15,4,5,13,7","23,25,28,17,19","35,33,0,34,36","48,53,59,47,46","67,62,63,72,61"
634,634,"10,11,13,8,4","24,29,27,28,26","31,36,0,41,32","49,57,48,55,47","71,63,62,67,70"
635,635,"2,7,3,4,12","21,19,22,28,18","38,35,0,37,45","57,53,50,55,51","69,71,61,73,74"
636,636,"12,6,11,4,1","28,25,23,27,21","34,38,0,45,33","47,58,50,56,53","65,70,73,72,63"
637,637,"12,6,13,7,14","21,23,30,18,27","35,36,0,44,37","59,52,48,50,57","62,71,69,65,72"
638,638,"8,11,6,3,2","24,19,26,18,21","33,42,0,43,37","54,53,60,49,46","70,65,61,71,62"
639,639,"4,13,6,12,15","20,29,24,22,27","39,41,0,35,42","49,50,58,51,54","75,74,67,62,70"
640,640,"7,11,13,12,15","23,16,26,25,30","32,41,0,31,38","60,49,47,48,51","74,65,72,64,66"
641,641,"12,5,9,8,6","25,21,24,26,19","33,38,0,39,44","51,56,59,48,58","67,64,68,61,71"
642,642,"7,13,11,1,10","22,19,28,29,20","38,39,0,45,37","51,46,54,59,50","65,74,69,75,71"
643,643,"4,12,10,15,14","19,30,28,24,27","39,40,0,32,37","51,56,59,49,60","69,75,70,65,62"
644,644,"1,8,6,15,11","23,27,20,22,28","45,34,0,32,40","49,51,46,53,54","62,67,61,65,69"
645,645,"5,2,10,6,1","23,30,20,17,22","31,33,0,37,42","46,57,48,47,51","69,61,67,65,75"
646,646,"4,12,14,2,8","27,30,17,26,21","39,42,0,37,38","48,51,56,60,58","75,72,70,61,69"
647,647,"15,3,2,1,10","23,20,21,16,17","40,43,0,39,38","47,48,53,52,59","65,62,66,67,72"
648,648,"2,10,9,15,6","25,23,18,19,22","31,37,0,38,32","52,56,55,59,51","74,62,73,71,70"
649,649,"1,7,11,10,9","22,27,23,28,16","40,36,0,33,34","59,57,56,51,48","75,70,65,68,62"
650,650,"3,5,2,1,4","22,19,17,21,26","45,33,0,41,40","50,57,58,48,55","68,65,66,63,71"
651,651,"4,13,14,15,9","24,18,19,17,30","38,43,0,44,32","60,57,53,56,48","73,65,75,69,63"
652,652,"5,12,10,15,3","21,20,23,24,29","31,33,0,39,41","56,59,57,51,53","75,72,74,68,61"
653,653,"6,15,12,9,14","16,22,21,23,20","39,42,0,31,36","46,59,56,50,57","61,71,65,69,64"
654,654,"3,4,5,9,1","26,20,22,24,19","44,34,0,40,45","53,59,54,55,60","66,65,67,69,70"
655,655,"11,12,6,8,2","29,19,25,20,17","35,36,0,34,44","53,51,60,49,48","73,61,69,70,63"
656,656,"10,1,6,12,4","27,30,29,21,16","38,41,0,31,42","59,56,57,54,58","66,63,70,71,65"
657,657,"2,7,1,11,13","28,19,20,23,21","33,35,0,45,37","56,52,48,54,46","73,69,75,61,65"
658,658,"5,1,9,14,10","26,19,28,25,23","34,39,0,44,37","48,55,52,58,53","61,69,65,68,71"
659,659,"13,2,4,14,15","30,21,22,25,18","41,32,0,40,39","49,53,58,54,59","70,64,65,71,63"
660,660,"13,8,11,10,4","20,19,18,25,21","33,38,0,43,45","58,51,60,49,50","73,68,70,71,63"
661,661,"3,8,2,15,7","28,23,30,16,18","37,42,0,43,38","52,56,58,57,55","69,61,65,63,73"
662,662,"11,10,2,15,3","23,19,18,27,24","42,32,0,36,31","59,47,57,50,54","61,69,63,73,67"
663,663,"12,15,1,5,10","18,24,26,29,21","40,42,0,44,39","49,54,59,58,46","61,64,73,63,74"
664,664,"9,14,5,8,1","26,30,22,17,19","31,44,0,40,39","53,60,54,55,51","71,66,73,68,62"
665,665,"13,14,9,1,12","30,26,21,25,20","43,34,0,31,36","46,58,51,47,60","70,71,61,69,62"
666,666,"6,11,1,5,9","28,19,21,22,29","42,39,0,35,33","55,52,60,56,47","63,62,73,65,68"
667,667,"8,15,2,6,4","30,23,22,27,17","31,44,0,33,45","59,60,50,48,51","69,63,70,73,64"
668,668,"1,14,6,10,13","18,20,26,25,27","40,36,0,39,32","57,47,51,60,54","65,71,61,69,63"
669,669,"7,13,3,10,4","20,23,18,16,27","39,31,0,38,32","58,56,46,52,51","70,63,64,61,73"
670,670,"6,7,11,2,13","16,23,30,20,18","39,40,0,34,36","50,55,51,60,54","73,70,66,64,68"
671,671,"7,3,5,13,9","20,17,21,22,18","43,35,0,31,45","50,59,56,54,53","65,68,67,70,74"
672,672,"14,2,15,6,11","17,19,25,29,20","41,42,0,44,31","56,59,51,50,52","73,66,71,61,70"
673,673,"2,14,11,6,9","20,26,21,24,16","34,40,0,42,33","56,47,48,58,49","66,65,74,63,72"
674,674,"6,12,11,1,8","22,24,29,28,25","33,31,0,43,42","52,60,58,53,49","71,67,66,62,63"
675,675,"6,7,12,10,1","21,22,19,26,20","35,32,0,43,44","59,51,50,56,49","70,69,68,65,63"
676,676,"2,3,15,7,14","25,19,18,24,28","44,32,0,37,42","49,47,56,48,46","71,69,66,62,75"
677,677,"15,14,1,5,10","28,29,19,17,21","36,43,0,32,35","53,48,51,60,46","64,70,73,71,74"
678,678,"15,14,10,9,11","16,17,19,25,23","37,42,0,36,38","48,47,57,46,55","66,74,73,71,69"
679,679,"12,14,9,2,10","19,29,28,23,25","42,44,0,37,41","46,58,54,56,59","71,64,65,69,73"
680,680,"13,6,7,1,10","16,26,22,29,21","37,40,0,44,42","47,53,46,56,60","65,72,71,61,74"
681,681,"4,10,9,6,8","27,21,18,28,24","45,38,0,35,31","50,47,59,48,52","66,68,69,67,63"
682,682,"12,10,2,15,4","25,22,16,21,29","42,36,0,43,41","57,53,48,55,49","72,68,69,65,61"
683,683,"11,6,13,5,14","23,21,26,20,24","32,44,0,37,40","50,48,59,53,56","72,68,74,63,64"
684,684,"11,9,6,15,13","23,18,17,28,29","34,44,0,40,37","60,53,55,48,46","61,74,68,67,63"
685,685,"12,2,11,4,5","28,24,18,23,29","36,40,0,34,42","46,56,55,48,50","65,72,66,63,64"
686,686,"8,6,14,11,13","22,24,30,27,17","44,42,0,40,33","50,60,58,53,55","73,68,61,74,66"
687,687,"15,1,9,14,3","30,19,26,25,21","33,43,0,38,37","46,50,48,53,54","71,62,61,70,64"
688,688,"11,2,10,9,8","30,24,26,21,20","43,31,0,41,39","60,58,53,46,50","75,68,64,73,70"
689,689,"5,7,14,4,10","22,21,25,30,24","45,40,0,32,38","56,53,52,48,59","70,72,71,69,61"
690,690,"6,2,5,1,11","17,24,22,16,30","41,44,0,43,33","54,47,58,55,59","65,68,69,61,75"
691,691,"2,8,6,4,13","17,16,27,25,24","31,38,0,42,40","59,58,49,55,50","69,75,70,66,73"
692,692,"10,2,15,6,9","17,16,22,29,30","38,44,0,36,39","49,55,52,50,58","70,68,74,75,61"
693,693,"1,4,10,5,14","20,29,26,23,21","40,44,0,37,36","55,57,47,58,52","69,65,74,73,70"
694,694,"3,9,7,12,5","29,30,21,28,19","40,32,0,38,35","47,56,60,58,55","66,62,69,68,73"
695,695,"5,11,8,4,3","30,18,27,28,16","36,45,0,42,43","60,56,46,58,54","75,62,65,73,69"
696,696,"13,14,11,8,10","19,17,22,21,20","34,31,0,38,45","53,60,52,59,54","73,66,61,72,70"
697,697,"7,5,1,14,11","27,20,16,28,19","42,41,0,36,44","56,57,60,49,53","67,65,63,69,64"
698,698,"12,7,15,11,5","30,25,27,17,20","36,44,0,45,39","50,53,47,56,54","73,65,62,72,63"
699,699,"12,15,5,1,7","17,27,21,23,24","44,32,0,35,38","50,52,57,60,47","72,67,68,63,64"
700,700,"7,3,5,12,2","30,25,23,17,24","35,39,0,33,41","59,49,46,60,51","69,63,68,66,64"
701,701,"15,13,2,3,9","17,23,25,24,18","43,36,0,40,33","46,57,47,54,48","72,74,69,63,67"
702,702,"5,3,11,4,9","28,25,29,23,19","41,44,0,36,42","55,54,52,60,57","74,68,67,62,69"
703,703,"9,1,2,3,5","18,22,17,19,16","41,32,0,40,44","57,49,52,53,54","64,66,63,73,74"
704,704,"5,11,15,8,3","21,26,29,25,17","37,40,0,44,31","48,50,57,47,59","65,63,68,73,71"
705,705,"13,5,10,4,8","28,18,25,22,29","40,36,0,43,35","60,49,59,47,56","65,67,66,70,74"
706,706,"6,11,5,8,1","24,25,21,27,22","40,35,0,32,39","59,57,47,52,50","63,68,72,66,73"
707,707,"5,4,13,10,9","21,22,26,18,30","45,37,0,44,38","56,54,52,60,58","65,74,62,72,71"
708,708,"1,11,2,5,3","18,24,19,20,28","42,36,0,41,31","57,60,49,56,58","70,74,63,64,62"
709,709,"1,15,4,8,10","29,27,18,21,26","36,45,0,34,41","57,55,48,49,56","67,66,62,64,71"
710,710,"6,9,15,3,14","26,19,20,21,30","41,35,0,40,31","46,57,54,58,52","62,64,72,69,71"
711,711,"7,3,5,9,4","16,17,26,25,19","42,41,0,45,43","52,53,50,56,46","75,73,74,71,66"
712,712,"4,3,11,15,1","25,30,18,28,21","43,35,0,41,38","51,53,54,57,46","64,69,61,70,74"
713,713,"4,15,5,9,14","23,17,20,24,26","32,36,0,39,44","51,58,47,50,57","68,64,72,73,75"
714,714,"14,9,8,3,15","17,20,24,16,22","32,33,0,41,39","46,56,50,47,58","67,66,70,72,75"
715,715,"5,14,13,10,11","19,17,16,22,21","31,45,0,34,36","53,51,47,49,50","71,73,64,63,67"
716,716,"8,5,9,7,14","26,18,29,22,30","42,41,0,35,34","48,55,59,60,56","62,63,72,74,73"
717,717,"6,4,9,14,5","16,18,26,27,29","44,40,0,38,42","51,55,50,57,47","71,67,66,74,73"
718,718,"9,13,14,5,1","27,24,17,16,25","36,34,0,32,44","59,55,53,56,51","68,67,71,69,65"
719,719,"4,10,8,15,3","20,21,25,22,27","44,38,0,43,35","58,48,60,50,57","65,71,63,66,69"
720,720,"5,4,1,11,2","25,26,21,20,17","31,35,0,44,36","56,58,47,50,60","73,63,70,65,64"
721,721,"2,10,4,1,13","18,29,16,22,28","31,34,0,38,33","48,56,53,57,50","74,71,61,72,70"
722,722,"2,15,1,12,13","20,23,22,24,28","35,37,0,42,32","48,46,56,58,51","71,74,61,67,75"
723,723,"13,14,7,10,2","27,30,17,19,16","36,35,0,37,43","49,59,56,60,47","72,70,74,75,65"
724,724,"1,4,7,11,6","25,30,28,29,26","39,37,0,35,36","58,46,60,55,56","68,67,75,65,63"
725,725,"2,11,7,14,1","25,27,18,24,22","36,35,0,32,31","57,56,60,48,51","62,68,61,69,73"
726,726,"15,5,8,4,12","19,23,21,17,30","41,32,0,33,34","47,51,55,54,57","69,65,71,62,61"
727,727,"5,2,6,3,11","26,25,23,24,19","42,39,0,31,34","46,51,49,52,57","65,66,73,63,62"
728,728,"2,6,8,11,1","26,19,27,18,28","45,39,0,43,31","55,53,49,47,60","69,64,74,71,72"
729,729,"3,15,12,11,10","30,26,19,20,23","35,40,0,32,31","59,51,49,53,56","67,71,73,65,68"
730,730,"3,2,1,14,11","22,29,26,16,18","44,43,0,36,40","57,59,49,53,56","63,69,61,71,68"
731,731,"13,2,14,5,12","24,19,17,22,27","42,36,0,45,39","55,47,53,52,60","72,68,66,62,67"
732,732,"11,6,15,7,10","22,17,30,21,16","43,45,0,40,37","60,52,46,56,48","64,62,75,65,63"
733,733,"10,12,9,5,3","24,19,26,28,25","42,34,0,38,40","55,57,53,48,47","62,69,72,75,63"
734,734,"15,12,2,14,4","16,27,30,17,28","38,44,0,36,35","58,53,59,54,48","61,68,71,66,63"
735,735,"2,5,11,15,7","21,23,16,18,22","42,35,0,36,37","50,56,51,48,57","68,63,66,72,67"
736,736,"14,3,12,5,11","16,28,18,29,30","36,38,0,43,33","54,53,50,59,55","62,65,69,66,68"
737,737,"2,5,12,13,6","19,26,20,27,17","44,37,0,31,42","58,46,57,56,55","62,66,63,64,71"
738,738,"11,9,2,3,5","22,23,25,18,30","40,43,0,36,35","57,46,60,54,48","70,71,67,64,72"
739,739,"2,5,7,11,3","16,18,27,24,21","43,31,0,35,36","51,53,50,54,56","61,66,73,72,71"
740,740,"3,6,7,8,14","30,17,18,21,19","40,42,0,41,31","54,48,58,53,52","66,73,68,75,61"
741,741,"4,8,9,6,3","18,24,25,21,19","38,42,0,36,35","57,56,46,55,51","65,74,69,64,71"
742,742,"15,7,8,9,6","27,21,18,20,29","41,43,0,35,32","57,49,60,47,56","61,65,73,71,70"
743,743,"12,13,2,8,4","25,23,20,24,18","37,43,0,45,32","46,54,49,47,57","63,61,73,65,72"
744,744,"11,12,9,7,5","17,16,19,27,18","37,34,0,31,33","47,55,49,51,57","73,68,65,72,66"
745,745,"6,3,9,12,4","22,16,19,20,29","33,31,0,38,32","56,52,53,55,47","73,72,66,67,68"
746,746,"10,4,11,9,1","25,21,28,16,29","38,35,0,40,45","48,50,52,59,56","64,73,67,66,74"
747,747,"4,8,15,7,10","28,30,22,29,19","35,39,0,43,36","46,56,51,54,50","64,75,69,71,72"
748,748,"5,1,12,8,13","26,22,24,28,16","44,39,0,36,43","52,58,46,53,48","70,64,75,74,66"
749,749,"9,13,4,6,15","25,29,22,19,20","44,36,0,39,45","47,52,51,54,49","71,72,66,64,70"
750,750,"5,13,12,15,7","25,27,20,28,21","34,39,0,33,38","46,60,49,56,54","68,72,66,74,67"
751,751,"8,15,9,10,12","21,30,24,26,25","44,34,0,41,38","57,53,59,50,48","61,67,64,68,70"
752,752,"11,6,7,8,1","23,16,22,19,27","44,33,0,32,43","52,60,55,50,59","65,64,74,69,71"
753,753,"9,11,1,4,15","17,16,30,28,29","33,41,0,44,34","46,57,51,60,53","63,61,70,67,64"
754,754,"7,3,10,14,12","25,19,29,18,27","44,45,0,42,32","58,54,46,52,59","75,61,62,67,63"
755,755,"7,5,13,9,2","28,22,16,30,27","31,45,0,34,37","57,48,53,46,55","75,73,67,68,63"
756,756,"14,12,10,11,1","29,26,18,23,21","45,40,0,31,42","48,52,55,53,56","65,71,74,61,69"
757,757,"1,15,7,14,6","25,28,21,19,26","43,34,0,42,44","47,48,53,49,59","69,64,62,74,68"
758,758,"3,4,8,11,2","19,22,26,27,23","31,43,0,42,35","56,58,48,52,49","74,64,71,73,69"
759,759,"11,6,5,2,1","26,29,27,28,20","36,39,0,37,44","52,56,47,58,46","73,67,63,61,68"
760,760,"15,1,8,2,12","19,27,20,26,28","44,33,0,43,35","57,51,55,53,46","73,71,68,66,63"
761,761,"4,5,9,8,2","25,24,28,23,27","39,36,0,32,37","56,47,51,46,60","66,69,64,73,70"
762,762,"10,7,5,2,9","20,25,27,26,16","37,43,0,36,44","46,54,59,53,50","65,64,70,75,72"
763,763,"8,2,15,6,12","26,18,28,30,27","40,43,0,45,44","48,58,54,55,47","65,63,61,75,69"
764,764,"2,10,9,4,7","20,29,25,27,23","39,38,0,45,44","49,51,55,54,48","61,73,65,63,69"
765,765,"12,7,2,8,6","24,23,19,22,28","34,35,0,33,40","60,52,50,55,59","61,66,72,62,71"
766,766,"14,12,9,3,11","30,25,20,17,24","32,43,0,40,39","54,47,55,50,46","68,72,62,63,73"
767,767,"11,12,4,13,6","22,26,30,25,18","37,40,0,36,45","54,49,50,51,58","69,70,67,71,66"
768,768,"10,12,9,2,6","24,23,17,16,27","31,41,0,42,38","47,60,51,46,52","64,73,68,62,69"
769,769,"5,2,15,4,14","19,16,25,28,24","32,36,0,37,31","49,54,55,48,47","75,69,67,72,63"
770,770,"15,5,9,12,14","24,17,26,19,22","36,38,0,41,37","55,54,49,47,48","67,62,71,61,75"
771,771,"8,13,9,15,12","18,17,21,25,30","33,32,0,42,38","50,49,53,54,58","61,67,63,62,75"
772,772,"11,12,5,13,9","19,25,23,16,17","38,31,0,34,37","48,51,53,49,57","68,67,66,74,65"
773,773,"11,5,4,15,9","29,22,27,20,30","34,35,0,45,40","48,51,59,57,55","65,71,68,64,62"
774,774,"7,4,5,2,13","17,26,29,25,30","37,36,0,31,33","52,53,50,56,48","71,62,75,63,64"
775,775,"5,10,2,13,14","29,17,26,27,22","37,35,0,31,32","48,54,49,47,57","68,69,64,74,63"
776,776,"11,14,7,10,6","27,22,25,16,30","34,35,0,43,32","55,54,46,52,57","68,61,62,65,70"
777,777,"8,13,1,14,3","27,26,30,24,19","40,45,0,43,39","58,50,57,53,59","71,62,67,65,61"
778,778,"15,13,9,14,1","20,27,24,19,28","34,45,0,42,38","48,51,60,57,49","64,65,71,73,75"
779,779,"5,6,10,7,4","30,18,20,21,27","38,45,0,35,37","56,46,58,51,52","64,61,73,72,62"
780,780,"5,6,2,4,10","23,22,18,27,20","32,45,0,40,42","56,54,50,51,58","71,63,66,72,68"
781,781,"7,13,9,8,2","20,27,17,18,26","34,39,0,31,38","60,46,53,50,59","70,62,67,64,73"
782,782,"10,12,2,14,13","17,21,18,20,29","38,44,0,42,34","49,48,46,52,54","66,61,67,63,72"
783,783,"8,4,14,1,7","30,27,16,26,18","45,32,0,35,41","49,57,53,55,51","65,68,61,64,75"
784,784,"8,4,10,1,7","23,20,18,24,19","34,43,0,42,40","54,55,46,53,48","72,64,69,70,73"
785,785,"6,5,1,3,4","30,22,19,27,21","40,33,0,35,34","59,51,52,46,53","62,69,64,67,68"
786,786,"11,14,10,1,13","27,25,21,19,24","39,37,0,36,43","54,47,46,59,60","67,72,74,64,71"
787,787,"12,13,1,14,10","20,21,25,22,23","33,41,0,35,37","47,59,48,54,55","70,68,69,62,64"
788,788,"7,11,9,6,5","27,23,22,19,20","34,37,0,39,35","49,52,47,58,57","63,65,66,68,61"
789,789,"8,12,7,10,2","17,21,28,24,25","43,37,0,33,38","53,48,60,55,46","64,65,61,66,73"
790,790,"6,10,2,1,14","27,25,29,23,30","38,34,0,31,32","48,55,58,51,60","74,61,70,68,67"
791,791,"15,6,8,14,1","22,18,27,24,20","33,40,0,37,42","47,58,60,54,53","65,64,72,61,70"
792,792,"13,12,9,2,6","30,22,24,23,16","34,40,0,39,38","46,56,54,59,47","64,68,70,75,73"
793,793,"9,10,4,11,8","21,28,16,27,29","32,38,0,39,41","55,56,53,51,48","66,63,62,69,67"
794,794,"6,8,9,11,12","17,18,16,24,21","45,38,0,39,31","47,51,54,50,49","70,63,75,67,69"
795,795,"15,7,6,5,12","29,28,23,22,19","42,43,0,41,39","60,54,49,55,58","65,74,75,68,71"
796,796,"5,9,15,7,11","24,30,26,23,21","40,38,0,37,32","55,48,59,51,57","69,72,64,61,71"
797,797,"1,5,15,10,11","22,26,28,27,17","42,40,0,37,36","60,50,57,47,59","67,69,68,70,64"
798,798,"10,1,15,5,7","29,17,23,16,18","36,38,0,35,41","60,52,59,55,51","73,75,71,68,61"
799,799,"1,13,3,8,11","25,17,20,24,16","40,39,0,32,37","51,59,49,52,56","72,61,71,67,65"
800,800,"7,1,4,5,15","21,24,22,27,23","37,36,0,31,38","48,53,60,47,46","71,74,73,63,64"
801,801,"3,14,8,12,5","29,20,27,30,19","45,44,0,43,35","46,53,51,54,55","71,75,69,66,70"
802,802,"15,2,8,9,12","30,22,17,25,21","42,33,0,35,32","54,48,60,51,50","74,65,72,64,75"
803,803,"13,14,4,15,12","21,30,27,23,26","41,42,0,33,37","53,52,49,58,54","62,67,61,73,68"
804,804,"1,8,3,2,14","25,18,24,17,22","42,43,0,41,31","56,54,49,46,47","64,71,67,72,63"
805,805,"9,10,13,15,3","22,18,26,16,20","34,31,0,36,42","48,59,50,57,56","62,63,70,68,61"
806,806,"2,5,1,3,7","22,27,30,28,26","39,37,0,42,40","52,57,49,53,55","71,62,65,74,67"
807,807,"11,5,4,15,1","16,28,17,30,25","39,45,0,40,37","47,46,58,52,51","62,67,63,72,69"
808,808,"12,2,7,11,15","20,26,29,28,23","41,43,0,34,44","57,53,52,47,58","61,63,62,67,66"
809,809,"9,12,10,11,7","17,18,22,29,27","42,33,0,32,36","52,46,47,55,50","61,72,71,64,69"
810,810,"14,4,3,2,7","21,27,28,16,17","38,34,0,39,42","57,55,59,56,51","63,71,66,67,62"
811,811,"8,9,4,5,14","22,29,27,28,24","38,39,0,40,33","51,52,50,57,55","70,61,66,75,62"
812,812,"13,9,3,15,10","27,26,21,30,16","32,36,0,43,39","56,59,53,60,46","72,75,61,69,66"
813,813,"7,4,12,2,9","22,24,20,25,28","42,43,0,40,32","54,46,59,58,60","63,61,65,68,75"
814,814,"2,15,12,13,10","24,21,23,29,17","41,31,0,45,42","48,49,46,50,51","71,73,67,72,62"
815,815,"11,14,5,7,13","30,17,26,20,24","32,33,0,40,42","49,53,56,60,57","68,74,63,67,70"
816,816,"15,7,13,1,5","28,20,30,26,25","38,33,0,44,40","55,51,56,59,60","68,75,63,66,61"
817,817,"7,8,9,1,10","21,30,16,20,22","36,42,0,38,32","56,50,58,57,55","61,66,68,65,67"
818,818,"13,4,11,7,2","22,21,24,27,23","38,41,0,33,35","58,53,46,52,51","64,65,67,69,70"
819,819,"9,8,10,4,1","30,21,22,18,23","41,36,0,31,37","58,51,52,54,59","74,68,65,70,63"
820,820,"9,10,15,12,2","20,19,22,21,23","40,32,0,31,45","51,55,57,54,52","66,74,65,72,69"
821,821,"10,9,4,6,7","27,16,19,23,28","35,44,0,38,34","57,47,48,50,55","66,67,62,74,72"
822,822,"5,10,15,9,6","25,16,26,28,17","34,38,0,42,33","58,46,48,57,56","66,63,67,71,70"
823,823,"9,2,4,13,15","17,23,30,16,28","37,33,0,32,41","49,56,51,59,58","75,69,72,61,67"
824,824,"13,6,11,10,12","22,25,26,19,28","43,45,0,42,44","51,59,50,56,53","69,72,70,73,67"
825,825,"14,11,8,7,15","29,16,17,21,23","39,40,0,32,33","59,55,56,51,57","62,61,67,65,75"
826,826,"15,6,5,8,4","16,24,19,22,26","41,44,0,34,31","49,51,58,47,57","66,75,74,67,61"
827,827,"14,15,4,9,5","30,16,17,24,21","44,32,0,34,38","56,57,48,46,59","70,61,74,62,68"
828,828,"8,2,10,6,14","16,19,20,29,30","31,44,0,41,43","57,48,50,49,59","66,67,71,64,61"
829,829,"11,15,4,7,10","23,26,22,20,25","41,34,0,38,40","59,53,55,58,48","64,62,65,74,70"
830,830,"13,7,9,1,15","24,27,25,26,17","37,38,0,39,45","53,51,58,59,54","73,64,74,68,71"
831,831,"9,4,2,12,7","19,20,18,16,27","41,33,0,39,34","46,60,55,56,50","72,71,62,73,69"
832,832,"6,7,1,10,11","26,27,23,30,25","43,35,0,31,40","57,59,58,55,60","63,65,67,61,74"
833,833,"1,10,3,14,7","30,21,18,24,16","43,39,0,36,41","46,59,47,51,56","75,62,74,61,73"
834,834,"14,8,3,6,2","17,21,19,28,20","34,38,0,36,39","54,60,55,52,49","65,74,62,73,61"
835,835,"8,1,10,12,9","30,29,26,23,16","40,43,0,34,31","56,52,47,58,48","65,74,61,75,66"
836,836,"11,14,4,13,15","23,19,26,17,29","41,34,0,43,33","57,59,46,53,47","74,75,63,69,66"
837,837,"5,15,7,12,6","22,26,24,20,18","45,37,0,41,42","52,47,58,59,49","73,65,67,72,69"
838,838,"9,5,6,14,3","21,23,29,17,28","39,43,0,44,40","52,51,47,49,59","73,61,70,71,69"
839,839,"8,4,7,15,14","19,24,27,22,23","42,39,0,33,36","56,47,49,59,51","68,72,74,64,65"
840,840,"3,13,7,15,1","19,17,20,22,21","36,45,0,40,35","59,50,49,55,57","64,68,66,71,65"
841,841,"1,7,9,14,4","22,16,28,27,18","32,35,0,37,45","46,58,60,47,48","64,63,67,61,74"
842,842,"11,4,8,13,1","26,30,18,28,25","41,38,0,36,40","48,58,53,51,47","69,72,70,67,62"
843,843,"4,11,12,9,3","29,26,16,24,19","42,35,0,41,36","55,46,53,52,56","67,69,73,62,72"
844,844,"10,8,13,14,4","19,17,29,28,30","39,40,0,32,45","54,50,49,47,48","69,62,64,65,67"
845,845,"4,3,1,5,11","24,20,29,27,30","39,33,0,35,45","48,59,55,51,52","72,69,68,70,75"
846,846,"8,1,13,10,7","21,19,30,18,23","39,44,0,31,33","60,56,50,51,49","73,66,72,70,71"
847,847,"6,5,10,2,4","17,28,30,25,20","43,34,0,44,42","54,60,48,52,53","68,75,61,73,74"
848,848,"4,9,10,14,6","18,20,29,25,28","39,42,0,31,32","50,58,57,52,46","62,70,61,71,66"
849,849,"6,12,10,2,8","24,27,22,23,18","36,35,0,37,32","46,51,60,54,59","72,69,61,65,62"
850,850,"9,8,14,15,2","17,27,23,20,18","43,44,0,34,39","58,49,48,47,51","70,65,66,74,63"
851,851,"13,1,8,6,3","30,18,27,17,24","35,33,0,31,34","54,48,60,57,59","74,65,62,64,75"
852,852,"7,6,1,15,9","20,29,30,25,21","36,45,0,35,37","53,49,55,56,60","75,66,73,65,61"
853,853,"13,3,1,11,9","24,27,20,16,23","44,42,0,35,32","56,47,54,53,50","68,62,75,74,73"
854,854,"11,8,10,7,4","26,16,23,24,25","36,34,0,31,41","54,49,51,47,58","67,62,71,72,74"
855,855,"1,8,11,15,2","24,21,29,18,23","31,41,0,38,43","51,56,48,50,59","75,62,64,69,73"
856,856,"8,14,6,11,15","26,17,20,27,19","32,40,0,38,39","51,53,57,49,46","61,69,74,70,71"
857,857,"9,1,3,12,4","23,18,20,28,27","41,36,0,33,32","59,52,46,47,55","72,73,68,65,66"
858,858,"8,1,11,7,14","23,30,25,29,28","35,34,0,31,38","47,56,46,55,48","63,74,71,67,69"
859,859,"4,3,8,7,6","21,18,22,27,28","34,41,0,44,31","56,46,47,60,52","62,63,75,69,61"
860,860,"9,4,3,13,8","21,20,24,27,22","44,31,0,36,38","49,48,53,60,46","71,63,62,68,75"
861,861,"1,15,10,7,4","17,23,24,22,20","44,35,0,41,43","53,59,48,57,47","69,62,61,67,66"
862,862,"3,14,8,10,9","18,26,23,17,24","43,38,0,42,39","60,57,54,52,56","72,65,62,64,63"
863,863,"2,5,13,11,15","22,25,19,23,26","42,36,0,34,31","51,50,47,54,60","67,71,66,75,73"
864,864,"10,15,7,2,3","21,22,18,16,17","36,42,0,37,35","50,53,56,51,54","62,68,72,65,69"
865,865,"6,4,1,14,5","25,23,19,29,24","42,33,0,36,39","60,50,49,53,46","72,69,74,71,75"
866,866,"13,4,9,12,3","26,28,24,30,23","33,32,0,45,43","54,56,46,51,58","75,71,72,65,62"
867,867,"9,11,13,12,14","24,27,30,28,20","44,31,0,41,38","49,55,48,50,53","71,67,62,74,70"
868,868,"14,13,9,15,3","23,29,18,22,27","45,41,0,32,33","47,60,54,59,50","67,61,68,70,69"
869,869,"8,5,2,11,9","22,25,16,26,19","34,43,0,39,42","55,58,49,51,56","67,70,73,62,65"
870,870,"10,11,13,12,15","28,27,17,16,22","34,43,0,32,42","49,56,53,51,60","73,65,66,62,75"
871,871,"15,12,8,2,3","17,19,23,26,22","32,43,0,44,45","56,51,48,47,55","65,71,74,61,66"
872,872,"14,4,2,7,12","25,27,20,16,18","45,36,0,41,40","56,54,48,49,55","61,65,64,75,73"
873,873,"3,7,11,15,6","29,28,27,25,24","44,32,0,36,34","56,57,54,53,50","66,70,65,74,68"
874,874,"3,4,6,10,5","30,26,21,28,23","44,40,0,38,35","53,59,54,51,60","65,72,73,75,64"
875,875,"5,6,12,2,15","26,21,29,20,16","37,34,0,43,31","52,56,59,46,51","75,61,74,71,68"
876,876,"1,11,15,3,2","27,22,24,23,21","44,38,0,40,42","54,59,58,50,60","73,74,63,61,72"
877,877,"13,3,12,1,15","23,16,20,26,24","42,39,0,34,36","51,53,52,56,46","61,74,66,73,62"
878,878,"13,5,6,15,9","30,21,22,16,20","45,32,0,41,39","52,56,48,54,49","68,63,72,67,61"
879,879,"3,5,8,10,11","24,30,21,23,29","40,36,0,32,45","55,59,48,58,49","65,64,63,70,66"
880,880,"6,4,12,3,13","16,22,18,25,23","45,40,0,44,38","56,60,50,48,59","62,71,68,74,63"
881,881,"14,9,7,2,4","25,18,26,16,17","40,43,0,33,31","58,55,48,51,46","75,69,64,65,73"
882,882,"10,7,15,11,4","25,16,18,22,21","38,39,0,35,32","46,48,51,60,49","64,69,71,65,61"
883,883,"11,7,12,2,14","22,30,28,17,20","43,45,0,34,31","46,47,55,56,58","75,67,61,72,71"
884,884,"15,11,12,4,7","17,26,30,23,22","35,32,0,42,31","52,59,47,57,56","72,62,73,71,66"
885,885,"11,12,8,7,3","29,28,26,22,18","45,37,0,39,31","47,56,59,50,51","71,61,72,73,74"
886,886,"12,7,4,6,1","29,24,19,18,17","32,36,0,31,34","53,50,48,60,59","71,69,64,74,73"
887,887,"15,14,4,6,3","16,27,18,30,21","36,40,0,45,33","50,56,46,49,55","62,73,75,71,66"
888,888,"1,6,4,14,8","19,28,29,26,21","31,44,0,35,36","60,50,49,55,52","71,74,73,63,72"
889,889,"4,12,3,5,6","28,29,22,18,16","37,32,0,31,44","50,59,46,55,52","61,70,69,63,75"
890,890,"2,11,5,6,10","29,17,25,23,16","43,33,0,31,39","51,57,49,60,54","65,69,73,66,71"
891,891,"2,15,8,7,14","30,26,23,27,24","39,38,0,43,31","60,55,56,52,50","71,68,65,64,74"
892,892,"15,8,11,4,14","28,26,30,16,27","34,38,0,32,31","49,60,56,48,52","63,70,62,64,73"
893,893,"9,14,10,2,11","20,21,24,16,29","42,43,0,45,38","54,57,51,58,53","69,65,67,72,62"
894,894,"4,14,6,2,8","27,29,17,25,22","36,40,0,38,45","56,52,60,53,48","73,63,62,64,70"
895,895,"8,7,11,1,10","19,27,29,16,17","33,39,0,44,42","60,46,54,57,55","72,71,63,64,70"
896,896,"1,15,3,11,6","21,16,25,17,24","35,42,0,31,45","48,53,49,56,59","66,75,68,74,65"
897,897,"12,13,3,15,8","17,30,24,26,25","33,31,0,36,41","51,46,53,56,58","69,66,68,71,62"
898,898,"15,14,13,4,2","26,18,24,22,28","32,37,0,34,43","51,49,53,58,47","63,61,72,64,66"
899,899,"11,12,8,7,4","17,26,28,21,20","35,42,0,41,44","52,59,58,54,49","65,72,64,66,62"
900,900,"14,4,1,3,10","21,18,29,17,19","45,36,0,37,43","51,52,54,57,46","61,73,74,70,65"
901,901,"7,1,6,10,9","23,22,18,26,30","42,44,0,33,38","54,59,53,46,56","73,75,70,64,66"
902,902,"14,2,1,9,12","22,16,30,29,21","43,31,0,40,44","48,60,51,53,46","67,63,70,65,64"
903,903,"8,1,10,3,6","21,20,29,27,16","41,33,0,32,45","54,59,51,58,49","67,61,71,73,72"
904,904,"15,1,11,10,2","29,19,24,16,28","36,33,0,32,38","51,55,60,48,58","66,64,68,63,70"
905,905,"4,14,10,8,6","25,30,23,22,27","34,32,0,40,33","55,46,48,52,51","73,63,69,74,61"
906,906,"9,3,10,7,13","25,27,26,18,22","37,36,0,44,40","52,56,46,60,48","62,66,63,74,75"
907,907,"2,8,4,5,15","20,28,27,24,16","31,33,0,43,36","47,54,53,56,48","69,74,75,65,61"
908,908,"5,10,12,13,2","17,25,30,20,28","33,39,0,36,35","53,58,49,56,57","65,72,68,75,61"
909,909,"4,11,8,10,9","29,23,30,18,25","33,44,0,42,39","53,49,47,59,50","72,65,68,62,69"
910,910,"5,12,14,10,2","19,29,22,27,21","41,33,0,38,37","48,58,55,47,54","64,63,74,68,67"
911,911,"8,9,4,2,5","21,16,25,24,29","42,45,0,35,32","59,53,50,55,51","61,72,63,71,62"
912,912,"11,14,4,2,8","19,17,30,21,26","33,41,0,38,31","49,52,60,53,57","75,69,67,66,70"
913,913,"6,10,5,7,8","30,22,23,18,21","36,32,0,34,37","52,56,59,50,53","63,68,64,62,74"
914,914,"9,13,1,10,2","23,29,26,20,17","44,41,0,34,42","60,56,47,46,54","68,64,61,62,73"
915,915,"3,15,14,1,4","21,27,16,19,24","45,36,0,37,39","47,56,59,54,57","64,75,62,66,61"
916,916,"13,6,14,15,8","25,19,22,23,26","40,37,0,35,39","59,46,53,57,54","65,66,72,61,68"
917,917,"4,3,6,13,5","21,19,23,28,16","33,40,0,37,35","58,52,49,59,46","65,72,71,62,73"
918,918,"4,15,9,13,3","22,24,29,23,25","44,42,0,34,33","56,49,54,52,53","61,64,68,62,71"
919,919,"14,12,3,1,15","25,19,16,29,20","40,35,0,41,43","46,56,47,59,60","64,71,70,75,62"
920,920,"2,4,6,8,9","16,28,20,21,23","44,36,0,45,31","52,46,51,50,54","65,61,74,69,63"
921,921,"9,11,4,14,10","29,27,24,21,20","37,42,0,39,41","55,56,54,57,58","63,71,62,73,61"
922,922,"6,7,8,4,10","23,27,19,30,22","34,35,0,38,43","52,47,54,51,59","67,64,72,73,62"
923,923,"13,10,4,1,6","30,22,29,23,16","41,43,0,40,33","51,46,49,53,50","74,71,65,72,68"
924,924,"2,6,13,7,10","29,20,26,30,21","35,32,0,44,37","46,56,55,59,60","75,61,72,68,64"
925,925,"15,10,1,14,6","23,17,27,19,30","35,31,0,38,42","57,60,59,55,54","71,68,75,70,65"
926,926,"3,1,2,11,13","20,21,23,27,16","35,32,0,34,39","54,55,59,53,58","62,67,66,63,70"
927,927,"10,15,3,14,13","16,30,19,23,20","45,44,0,43,42","55,56,53,49,54","67,66,70,63,69"
928,928,"14,12,3,1,5","17,29,20,18,28","37,35,0,41,42","54,56,53,49,47","70,62,73,68,66"
929,929,"14,1,3,15,5","17,19,20,22,29","32,34,0,42,41","55,52,51,49,54","72,74,65,70,61"
930,930,"8,1,7,3,11","22,18,16,28,26","31,32,0,37,41","59,60,51,46,53","72,70,73,69,68"
931,931,"5,10,1,13,6","17,29,24,20,28","31,42,0,44,40","53,50,59,55,48","69,61,73,70,66"
932,932,"4,14,6,1,15","23,29,19,28,24","31,38,0,34,36","50,52,47,59,54","68,74,65,72,70"
933,933,"15,11,12,5,13","26,27,22,29,20","40,39,0,42,37","53,46,55,57,49","63,71,68,70,62"
934,934,"6,1,14,3,5","28,27,19,30,23","33,44,0,37,38","50,48,49,53,46","69,71,68,67,72"
935,935,"5,9,8,10,1","18,24,25,20,16","40,45,0,36,42","49,54,51,59,47","72,71,66,68,69"
936,936,"3,2,12,10,14","29,23,16,19,17","42,45,0,36,35","60,54,48,46,56","68,72,71,67,73"
937,937,"13,11,10,8,3","28,30,18,19,23","45,41,0,31,38","47,54,59,48,51","62,65,75,74,63"
938,938,"7,5,4,12,11","25,18,28,20,22","45,37,0,34,42","53,58,51,47,49","68,73,67,71,75"
939,939,"5,1,12,9,7","27,29,30,26,24","45,35,0,37,43","52,60,53,50,57","70,64,63,62,68"
940,940,"8,5,6,14,1","28,24,29,16,22","41,42,0,45,36","54,57,50,59,47","71,67,68,74,69"
941,941,"13,9,5,4,14","26,18,28,27,21","31,40,0,38,45","51,59,60,48,47","72,74,67,71,66"
942,942,"9,13,2,1,6","27,25,18,24,28","37,40,0,35,39","60,57,46,52,51","72,69,66,74,65"
943,943,"7,11,1,14,9","27,30,18,26,28","41,45,0,39,42","48,52,60,57,51","69,74,66,75,67"
944,944,"3,10,2,11,4","27,23,26,21,20","32,38,0,42,43","59,52,58,46,48","61,75,68,62,71"
945,945,"4,5,7,9,3","29,19,20,16,28","43,33,0,37,32","55,47,52,48,60","65,64,73,69,66"
946,946,"6,10,3,1,12","24,30,28,29,18","44,31,0,43,34","53,52,54,46,59","70,74,65,66,64"
947,947,"8,6,11,10,14","19,26,18,25,20","38,34,0,41,39","59,56,53,55,57","67,63,69,64,62"
948,948,"9,1,15,8,13","26,19,30,20,29","43,42,0,37,45","60,51,46,53,57","65,74,68,62,63"
949,949,"9,15,1,14,2","16,18,30,20,28","38,35,0,37,40","52,50,51,53,59","67,72,61,62,74"
950,950,"8,3,5,9,13","28,17,20,21,27","41,34,0,36,33","60,53,52,57,48","73,68,61,75,69"
951,951,"14,3,13,9,11","30,19,25,29,28","32,31,0,34,44","57,59,60,55,52","65,63,67,62,61"
952,952,"15,9,13,10,5","28,26,20,23,22","34,33,0,35,42","52,54,50,51,57","72,73,64,68,66"
953,953,"5,6,14,3,8","24,21,20,28,22","33,36,0,41,42","59,49,53,56,58","65,68,70,75,72"
954,954,"10,4,5,2,13","19,18,22,24,17","37,44,0,35,38","49,48,46,51,59","74,66,72,73,63"
955,955,"4,5,9,14,12","19,16,25,22,23","31,45,0,41,42","52,51,59,47,57","73,62,72,64,66"
956,956,"3,13,6,11,12","22,27,25,29,21","36,45,0,32,41","52,59,56,54,46","75,65,70,66,74"
957,957,"1,6,7,12,13","27,18,19,22,28","37,39,0,35,44","52,57,58,48,49","63,71,72,69,66"
958,958,"13,6,7,14,10","18,19,30,26,17","34,33,0,38,43","58,49,50,55,52","61,66,71,62,67"
959,959,"14,9,5,7,1","22,30,24,26,29","32,34,0,35,31","54,47,58,53,46","72,69,66,65,74"
960,960,"11,3,8,7,9","27,25,17,24,28","36,45,0,35,38","53,59,54,51,58","64,71,69,67,70"
961,961,"4,15,8,9,1","24,23,30,27,19","33,42,0,36,45","50,55,46,54,48","72,67,64,70,61"
962,962,"11,9,15,12,2","29,25,23,24,21","37,41,0,31,45","48,59,57,53,49","74,67,71,66,64"
963,963,"3,2,11,8,13","16,28,29,23,20","42,45,0,38,39","60,50,57,53,59","67,65,68,74,61"
964,964,"12,5,4,3,6","16,27,21,24,30","34,39,0,38,31","48,54,58,49,52","61,63,70,75,68"
965,965,"11,15,6,10,14","27,17,28,26,20","41,39,0,37,43","48,58,54,46,56","66,67,72,64,61"
966,966,"6,9,12,2,5","16,30,26,23,18","33,37,0,39,45","58,54,51,46,53","65,66,67,61,68"
967,967,"14,8,15,12,9","23,27,29,25,16","34,40,0,41,45","46,58,53,56,51","71,68,64,70,73"
968,968,"4,3,14,6,13","17,23,25,18,28","39,31,0,42,32","56,60,57,47,59","72,67,69,71,64"
969,969,"5,10,2,11,4","28,21,18,29,19","34,32,0,42,38","57,60,54,58,51","75,62,64,73,72"
970,970,"12,11,15,8,6","19,17,30,18,26","45,44,0,35,40","58,53,49,50,56","64,72,63,65,74"
971,971,"14,3,9,4,5","16,24,28,20,21","34,40,0,39,32","48,59,56,58,46","61,63,68,67,75"
972,972,"5,10,9,4,8","28,18,30,21,22","39,35,0,37,45","51,47,56,52,50","61,64,62,73,69"
973,973,"2,1,6,9,8","25,23,30,28,24","45,41,0,33,40","51,55,50,49,47","73,67,71,66,75"
974,974,"12,3,9,6,5","29,27,16,25,24","42,33,0,31,41","58,49,57,47,59","75,65,70,72,74"
975,975,"1,3,15,13,11","30,20,28,16,22","45,36,0,34,35","60,48,56,50,46","61,67,69,75,72"
976,976,"10,12,14,1,9","16,21,17,18,25","39,36,0,32,41","60,49,54,56,48","67,65,70,74,75"
977,977,"8,9,5,7,12","20,29,16,19,26","45,43,0,36,34","53,52,55,51,49","68,64,66,72,75"
978,978,"7,13,6,9,15","20,22,25,28,18","42,36,0,35,37","54,60,47,56,57","66,71,61,75,69"
979,979,"10,15,1,7,11","28,21,22,29,18","39,36,0,40,45","54,59,56,53,58","70,65,75,68,74"
980,980,"15,5,12,11,8","18,23,30,21,19","38,31,0,41,39","57,60,54,49,46","66,69,74,65,71"
981,981,"14,3,2,11,6","23,22,19,27,30","44,39,0,31,40","52,50,46,59,57","63,65,74,61,62"
982,982,"6,1,12,5,4","28,17,24,29,16","39,44,0,32,37","56,46,58,57,59","75,74,67,64,63"
983,983,"6,4,12,3,8","27,25,16,24,29","37,34,0,35,36","52,48,47,53,55","66,67,64,71,73"
984,984,"6,15,10,5,12","26,23,19,16,29","36,33,0,39,34","52,49,60,51,47","71,62,66,68,64"
985,985,"13,4,5,1,6","19,28,23,22,25","32,44,0,39,45","52,48,47,46,58","64,74,71,61,67"
986,986,"2,10,15,6,5","17,20,19,22,23","42,38,0,44,41","50,54,52,56,51","73,65,64,63,66"
987,987,"14,5,10,15,2","16,26,21,20,30","33,37,0,35,41","52,59,53,49,47","67,75,74,64,63"
988,988,"15,9,1,11,13","29,18,19,16,24","34,35,0,43,32","50,51,56,53,47","69,64,71,61,73"
989,989,"7,14,13,11,4","25,18,16,29,30","44,43,0,39,37","56,58,49,52,53","63,75,74,72,71"
990,990,"12,13,1,9,11","27,28,21,17,16","33,35,0,44,36","46,53,49,58,51","69,74,71,62,64"
991,991,"14,12,8,11,6","23,18,29,21,30","42,39,0,31,40","55,57,60,56,52","75,70,65,69,74"
992,992,"10,3,8,12,7","29,23,26,27,25","37,40,0,45,41","58,55,57,53,60","70,72,69,74,67"
993,993,"14,13,10,1,15","18,22,23,19,28","32,43,0,42,44","59,50,58,60,56","74,65,64,68,62"
994,994,"9,10,2,8,7","28,25,16,18,30","33,37,0,31,35","51,56,46,60,58","75,69,73,68,63"
995,995,"5,12,6,8,1","19,29,28,26,24","38,33,0,32,37","48,50,46,59,58","72,74,73,70,64"
996,996,"2,5,11,8,7","16,30,18,29,21","32,41,0,34,31","58,59,47,56,51","61,67,73,62,74"
997,997,"1,10,2,6,5","23,28,18,25,26","36,41,0,31,39","52,54,51,60,49","73,72,66,74,67"
998,998,"5,4,3,13,2","24,16,20,26,25","35,40,0,41,43","46,59,54,50,51","61,74,68,63,69"
999,999,"8,6,12,13,3","22,23,19,18,16","45,39,0,40,33","59,48,55,47,51","67,70,61,74,62"
1000,1000,"1,6,14,13,7","30,26,21,16,23","45,37,0,32,41","53,51,49,56,50","75,67,66,63,62"